Workbook

Sheet Included_102
A1: Ref. no. | B1: Citation key | C1: First author | D1: Title | E1: Year | F1: Venue | G1: Link | H1: Status | I1: Published version | J1: Preprint criterion | K1: Crit. a | L1: Crit. b | M1: Crit. c | N1: Model / Method | O1: Models used | P1: Models created | Q1: Model size | R1: Main tier | S1: Tiers covered (≤10B) | T1: Uses 7–10B | U1: Domain | V1: Training data | W1: Evaluation data | X1: Tasks | Y1: Key contribution | Z1: Country (first author)
A2: 5 | B2: belcak2025smalllanguagemodelsfuture | C2: Belcak et al. | D2: Small Language Models are the Future of Agentic AI | E2: 2025 | F2: arXiv preprint arXiv:2506.02153 | G2: https://arxiv.org/abs/2506.02153 | H2: Preprint | J2: b (405 citations) | L2: Yes | N2: Nemotron-H | O2: N/A | P2: N/A | Q2: N/A (position paper; discusses SLMs of ~1–9B, e.g. xLAM-2-8B) | R2: Mixed | S2: Moderate; Higher | T2: Yes | U2: Agentic AI Applications | V2: N/A | W2: N/A | X2: agentic AI applications | Y2: The paper argues that small language models are more suitable and economical for agentic AI applications compared to large language models. | Z2: United States
A3: 10 | B3: liu2024optimizing | C3: Liu et al. | D3: Optimizing RAG Techniques for Automotive Industry PDF Chatbots: A Case Study with Locally Deployed Ollama Models | E3: 2024 | F3: Proceedings of the 2024 3rd International Conference on Artificial Intelligence and Intelligent Information Processing | G3: https://arxiv.org/abs/2408.05933 | H3: Peer-reviewed | J3: Not applicable | O3: Llama models via Ollama; BGE embeddings and reranker (LangChain, LangGraph) | P3: Optimized local RAG pipeline and self-RAG agent | Q3: Not stated in abstract (locally deployed Ollama models) | R3: Not stated | S3: Not stated | T3: No | U3: Emerging & Cross-Cutting | V3: Proprietary automotive document corpus | W3: Automotive dataset, QReCC, CoQA | X3: Offline PDF question answering (RAG) for the automotive industry | Y3: Improves context precision/recall, answer relevancy and faithfulness over naive RAG, most on automotive documents | Z3: China
A4: 29 | B4: guo2023improving | C4: Guo et al. | D4: Improving Small Language Models on PubMedQA via Generative Data Augmentation | E4: 2023 | F4: arXiv preprint arXiv:2305.07804 | G4: https://arxiv.org/abs/2305.07804 | H4: Preprint | J4: b (43) | L4: Yes | N4: PubMedQA-SLM | O4: GPT-4 | P4: N/A | Q4: 1.6B | R4: Moderate | S4: Moderate | T4: No | U4: Healthcare & Biomedical | V4: PubMedQA | W4: PubMedQA | X4: medical question-answering | Y4: The paper introduces a novel method for improving small language models in the medical domain using LLM-based generative data augmentation. | Z4: United States
A5: 30 | B5: vishwanath2024medmobile | C5: Vishwanath et al. | D5: MedMobile: A Mobile-Sized Language Model with Clinical Capabilities | E5: 2024 | F5: arXiv preprint arXiv:2410.09019 | G5: https://doi.org/10.1136/bmjdhai-2025-000068 | H5: Peer-reviewed | I5: Published version: BMJ Digital Health & AI | J5: Not applicable | N5: MedMobile | O5: phi-3-mini | P5: MedMobile | Q5: 3.8B | R5: Moderate | S5: Moderate | T5: No | U5: Healthcare & Biomedical | V5: N/A | W5: MultiMedQA, Medbullets | X5: medical Q&A | Y5: Introduction of MedMobile, a 3.8 billion parameter language model optimized for mobile use in medical applications. | Z5: United States
A6: 32 | B6: zheng2026adaptive | C6: Zheng et al. | D6: Adaptive, Privacy-Preserving Small Language Models for Multi-Task Clinical Assistance | E6: 2026 | F6: Journal of Imaging Informatics in Medicine | G6: https://mdanderson.elsevierpure.com/en/publications/adaptive-privacy-preserving-small-language-models-for-multi-task-/ | H6: Peer-reviewed | J6: Not applicable | N6: Clinical-SLM | O6: GPT-4o, OPT-350m | P6: N/A | Q6: 350M | R6: Compact | S6: Compact | T6: No | U6: Healthcare & Biomedical | V6: Open-i Indiana University Chest X-ray Dataset, in-house brain MRI DICOM metadata dataset | W6: N/A | X6: medical report labeling, DICOM series description harmonization, impression generation | Y6: A multi-task SLM with LoRA fine-tuning outperforms GPT-4o on multiple clinical tasks while ensuring patient privacy. | Z6: United States
A7: 33 | B7: thalken2023law | C7: Thalken et al. | D7: Modeling Legal Reasoning: LM Annotation at the Edge of Human Agreement | E7: 2023 | F7: Proceedings of the 2023 Conference on Empirical Methods in Natural Language Processing | G7: https://aclanthology.org/2023.emnlp-main.575 | H7: Peer-reviewed | J7: Not applicable | N7: LEGAL-BERT | O7: LEGAL-BERT | P7: N/A | Q7: Legal-BERT (110M); Llama-2-Chat 7B as comparator | R7: Compact | S7: Compact | T7: No | U7: Law & Finance | V7: Annotated dataset of historical United States Supreme Court opinions | W7: N/A | X7: document classification, legal reasoning classification | Y7: The paper develops a new dataset of domain-expert annotations and demonstrates that fine-tuning models significantly improves performance on complex legal reasoning tasks. | Z7: United States
A8: 34 | B8: harsha2026synthesizing | C8: Harsha et al. | D8: Synthesizing Question Answering Data from Financial Documents: An End-to-End Multi-Agent Approach | E8: 2026 | F8: Proceedings of the 19th Conference of the European Chapter of the Association for Computational Linguistics (Volume 5: Industry Track) | G8: https://aclanthology.org/2026.eacl-industry.51 | H8: Peer-reviewed | J8: Not applicable | N8: Financial-QA | O8: phi-3-mini,smollm-1.7b,smollm-360m | P8: N/A | Q8: 360M, 1.7B (SmolLM2) | R8: Moderate | S8: Compact; Moderate | T8: No | U8: Law & Finance | V8: N/A | W8: N/A | X8: question answering, numerical reasoning | Y8: Development of a modular, scalable end-to-end agentic pipeline for generating QA pairs from financial documents. | Z8: India
A9: 36 | B9: aixcoder | C9: Jiang et al. | D9: aiXcoder-7B: A Lightweight and Effective Large Language Model for Code Processing | E9: 2025 | F9: 2025 IEEE/ACM 47th International Conference on Software Engineering: Software Engineering in Practice (ICSE-SEIP) | G9: https://arxiv.org/abs/2410.13187 | H9: Peer-reviewed | J9: Not applicable | N9: aiXcoder-7B | O9: N/A | P9: aiXcoder-7B | Q9: 7B | R9: Higher | S9: Higher | T9: Yes | U9: Coding & Software Eng. | V9: 1.2 trillion unique tokens | W9: five popular code completion benchmarks, a new benchmark collected by this paper | X9: code completion | Y9: The paper presents aiXcoder-7B, a lightweight LLM for code completion that achieves high accuracy with a smaller model size. | Z9: China
A10: 37 | B10: joshi2024flame | C10: Joshi et al. | D10: FLAME: A Small Language Model for Spreadsheet Formulas | E10: 2024 | F10: Proceedings of the AAAI Conference on Artificial Intelligence | G10: https://ojs.aaai.org/index.php/AAAI/article/view/29197 | H10: Peer-reviewed | J10: Not applicable | N10: FLAME | O10: T5-small | P10: FLAME | Q10: 60M | R10: Lightweight | S10: Lightweight | T10: No | U10: Coding & Software Eng. | V10: N/A | W10: N/A | X10: formula repair, formula completion, formula retrieval | Y10: FLAME is a transformer-based model trained exclusively on Excel formulas that achieves competitive performance while being substantially smaller than existing models. | Z10: United States
A11: 38 | B11: COTTON | C11: Yang et al. | D11: Chain-of-Thought in Neural Code Generation: From and For Lightweight Language Models | E11: 2024 | F11: IEEE Transactions on Software Engineering | G11: https://arxiv.org/abs/2312.05562 | H11: Peer-reviewed | J11: Not applicable | N11: COTTON | O11: GPT4, ChatGLM, Gemini, gpt-3.5-turbo | P11: COTTON | Q11: CodeT5+ 6B and other <10B ℓLMs | R11: Moderate | S11: Moderate | T11: No | U11: Coding & Software Eng. | V11: N/A | W11: N/A | X11: code generation | Y11: The study presents COTTON, a novel approach that leverages lightweight language models to automatically generate Chain of Thought for improved code generation. | Z11: China
A12: 39 | B12: duan2023perfrl | C12: Duan et al. | D12: PerfRL: A Small Language Model Framework for Efficient Code Optimization | E12: 2023 | F12: arXiv preprint arXiv:2312.05657 | G12: https://arxiv.org/abs/2312.05657 | H12: Preprint | J12: b (10) | L12: Yes | N12: PerfRL | O12: CodeT5 | P12: PerfRL | Q12: 60M (CodeT5) | R12: Lightweight | S12: Lightweight | T12: No | U12: Coding & Software Eng. | V12: PIE | W12: N/A | X12: code optimization | Y12: Introduction of PerfRL, a framework leveraging small language models and reinforcement learning for efficient code optimization. | Z12: United States
A13: 40 | B13: marton2026investigating | C13: Marton et al. | D13: Investigating the Refactoring Capabilities of Small Open-Weight Language Models | E13: 2026 | F13: Software | G13: https://doi.org/10.3390/software5020019 | H13: Peer-reviewed | J13: Not applicable | N13: SLM-Refactoring | O13: N/A | P13: N/A | Q13: 0.5B, 8B | R13: Higher | S13: Compact; Higher | T13: Yes | U13: Coding & Software Eng. | V13: N/A | W13: 3,453 Python programs | X13: refactoring | Y13: This paper analyzes the refactoring capabilities of small open-weight language models, focusing on behavior preservation and code quality improvement. | Z13: Hungary
A14: 41 | B14: MMhasan2026 | C14: Hasan et al. | D14: Assessing Small Language Models for Code Generation: An Empirical Study with Benchmarks | E14: 2026 | F14: Journal of Systems and Software | G14: https://arxiv.org/abs/2507.03160 | H14: Peer-reviewed | J14: Not applicable | N14: Code-Gen Study | O14: 20 open-source SLMs | P14: N/A | Q14: 0.4B to 10B | R14: Higher | S14: Compact; Moderate; Higher | T14: Yes | U14: Coding & Software Eng. | V14: N/A | W14: HumanEval, MBPP, Mercury, HumanEvalPack, CodeXGLUE | X14: code generation | Y14: This study presents a comprehensive empirical evaluation of 20 open-source SLMs on diverse code-related benchmarks. | Z14: Finland
A15: 42 | B15: wu2024datagpt | C15: Wu et al. | D15: DataGpt-SQL-7B: An Open-Source Language Model for Text-to-SQL | E15: 2024 | F15: arXiv preprint arXiv:2409.15985 | G15: https://arxiv.org/abs/2409.15985 | H15: Preprint | J15: b (12) | L15: Yes | N15: DataGpt-SQL-7B | O15: N/A | P15: DataGpt-sql | Q15: 7B | R15: Higher | S15: Higher | T15: Yes | U15: Coding & Software Eng. | V15: N/A | W15: spider-dev | X15: text-to-SQL | Y15: The paper presents DataGpt-sql, a fine-tuned model for translating natural language queries into SQL commands with high accuracy. | Z15: China
A16: 43 | B16: readerlmv2 | C16: Wang et al. | D16: Readerlm-v2: Small language model for HTML to markdown and JSON | E16: 2025 | F16: arXiv preprint arXiv:2503.01151 | G16: https://arxiv.org/abs/2503.01151 | H16: Preprint | J16: b (17); c (released model) | L16: Yes | M16: Yes | N16: ReaderLM-v2 | O16: Qwen2.5 | P16: ReaderLM-v2 | Q16: 1.5B | R16: Moderate | S16: Moderate | T16: No | U16: Coding & Software Eng. | V16: N/A | W16: N/A | X16: structured content extraction | Y16: Introduction of a novel three-stage data synthesis pipeline and a comprehensive training strategy for structured content extraction. | Z16: Germany
A17: 44 | B17: tinyrs | C17: Koksal et al. | D17: TinyRS-R1: Compact Vision Language Model for Remote Sensing | E17: 2025 | F17: IEEE Geoscience and Remote Sensing Letters | G17: https://doi.org/10.1109/LGRS.2025.3562290 | H17: Peer-reviewed | J17: Not applicable | N17: TinyRS | O17: Qwen2-VL | P17: TinyRS, TinyRS-R1 | Q17: 2B | R17: Moderate | S17: Moderate | T17: No | U17: Sustainability, Materials & Life Sci. | V17: million-scale satellite images, VHM visual instruction dataset | W17: N/A | X17: classification, VQA, grounding, open-ended QA | Y17: Introduction of TinyRS and TinyRS-R1, the first domain-specialized small VLMs for remote sensing with reasoning capabilities. | Z17: Turkey
A18: 45 | B18: alchembert | C18: Wang et al. | D18: Exploring Lightweight Language Models for Materials Informatics with AlchemBERT | E18: 2025 | F18: Cell Reports Physical Science | G18: https://doi.org/10.1016/j.xcrp.2025.102724 | H18: Peer-reviewed | J18: Not applicable | N18: AlchemBERT | O18: BERT-base | P18: AlchemBERT | Q18: 110M | R18: Compact | S18: Compact | T18: No | U18: Sustainability, Materials & Life Sci. | V18: Matbench | W18: N/A | X18: material property prediction | Y18: Demonstrates that language models effectively represent and predict material structures, outperforming traditional approaches. | Z18: China
A19: 46 | B19: pepbert | C19: Du et al. | D19: PepBERT: Lightweight Language Models for Bioactive Peptide Representation | E19: 2026 | F19: Future Foods | G19: https://doi.org/10.1016/j.fufo.2026.100561 | H19: Peer-reviewed | J19: Not applicable | N19: PepBERT | O19: ESM-2 | P19: PepBERT-large, PepBERT-small | Q19: 4.9M, 1.86M | R19: Lightweight | S19: Lightweight | T19: No | U19: Sustainability, Materials & Life Sci. | V19: four custom peptide datasets comprising between 1.97 and 19.2 million peptide sequences | W19: UniParc | X19: peptide prediction | Y19: PepBERT effectively captures the sequential dependencies and positional context within peptide sequences, generating expressive and generalizable peptide embeddings. | Z19: United States
A20: 48 | B20: adavits | C20: Song et al. | D20: AdaVITS: Tiny VITS for Low Computing Resource Speaker Adaptation | E20: 2022 | F20: 2022 13th International Symposium on Chinese Spoken Language Processing (ISCSLP) | G20: https://arxiv.org/abs/2206.00208 | H20: Peer-reviewed | J20: Not applicable | N20: AdaVITS | O20: VITS | P20: AdaVITS | Q20: 8.97M | R20: Lightweight | S20: Lightweight | T20: No | U20: Audio & Speech | V20: N/A | W20: N/A | X20: speaker adaptation | Y20: The paper proposes AdaVITS, a lightweight TTS model for speaker adaptation that reduces parameters and computational complexity. | Z20: China
A21: 50 | B21: TitaNetbyjia | C21: Jia et al. | D21: A Compact End-to-End Model with Local and Global Context for Spoken Language Identification | E21: 2022 | F21: arXiv preprint arXiv:2210.15781 | G21: https://doi.org/10.21437/Interspeech.2023-2310 | H21: Peer-reviewed | I21: Published version: Interspeech 2023 | J21: Not applicable | N21: TitaNet-LID | O21: ContextNet | P21: TitaNet-LID | Q21: 12M–21M | R21: Lightweight | S21: Lightweight | T21: No | U21: Audio & Speech | V21: V oxLingua107 | W21: FLEURS | X21: spoken language identification | Y21: Introduction of TitaNet-LID, a compact model for Spoken Language Identification that captures local and global context effectively. | Z21: United States
A22: 51 | B22: husni2023toxic | C22: Husni et al. | D22: Lightweight Toxicity Detection in Spoken Language: A Transformer-based Approach for Edge Devices | E22: 2023 | F22: arXiv preprint | G22: https://arxiv.org/abs/2304.11408 | H22: Preprint | J22: b (9) | L22: Yes | N22: Wav2Vec2-Toxicity | O22: wav2vec2.0 | P22: N/A | Q22: wav2vec 2.0 base, compressed to 25.9 MB | R22: Lightweight | S22: Lightweight | T22: No | U22: Audio & Speech | V22: DeToxy-B, public dataset | W22: N/A | X22: toxicity detection | Y22: The paper proposes a lightweight transformer model for toxicity detection in spoken language, optimized for edge devices. | Z22: Qatar
A23: 52 | B23: hatetinyllm | C23: Sen et al. | D23: HateTinyLLM : Hate Speech Detection Using Tiny Large Language Models | E23: 2024 | F23: arXiv preprint arXiv:2405.01577 | G23: https://arxiv.org/abs/2405.01577 | H23: Preprint | J23: b (12) | L23: Yes | N23: HateTinyLLM | O23: mixtral-7b, PY007/TinyLlama-1.1B-step-50K-105b, Microsoft/phi-2, facebook/opt-1.3b | P23: HateTinyLLM | Q23: 1.1B–7B (TinyLlama-1.1B, OPT-1.3B, Phi-2, Mistral-7B) | R23: Moderate | S23: Moderate; Higher | T23: Yes | U23: Audio & Speech | V23: N/A | W23: N/A | X23: hate speech detection | Y23: Introduction of HateTinyLLM, a novel framework for efficient hate speech detection using tiny large language models. | Z23: India
A24: 54 | B24: eureka | C24: Zhang et al. | D24: Eureka-Audio: Triggering Audio Intelligence in Compact Language Models | E24: 2026 | F24: arXiv preprint arXiv:2602.13954 | G24: https://arxiv.org/abs/2602.13954 | H24: Preprint | J24: a (code: github.com/Alittleegg/Eureka-Audio) | K24: Yes | N24: Eureka-Audio | O24: Qwen3-1.7B-base | P24: Eureka-Audio | Q24: 1.7B | R24: Moderate | S24: Moderate | T24: No | U24: Audio & Speech | V24: N/A | W24: MMAU benchmark, ASR, knowledge reasoning, safety, instruction following, paralinguistic benchmarks | X24: automatic speech recognition, audio understanding, dense audio captioning | Y24: Eureka-Audio achieves competitive performance in audio understanding with only 1.7B parameters, outperforming larger models. | Z24: China
A25: 55 | B25: deshmukh2026mellow | C25: Deshmukh et al. | D25: Mellow: A Small Audio Language Model for Reasoning | E25: 2026 | F25: Advances in Neural Information Processing Systems | G25: https://neurips.cc/virtual/2025/poster/115468 | H25: Peer-reviewed | J25: Not applicable | N25: Mellow | O25: Qwen2 Audio | P25: Mellow | Q25: 167M | R25: Compact | S25: Compact | T25: No | U25: Audio & Speech | V25: ReasonAQA, audio captioning datasets | W25: MMAU | X25: audio understanding, deductive reasoning, comparative reasoning | Y25: Introduction of Mellow, a small audio-language model designed for reasoning tasks, achieving state-of-the-art performance among small models. | Z25: United States
A26: 56 | B26: PRISM | C26: Ravichandran et al. | D26: Distilling On-Device Language Models for Robot Planning with Minimal Human Intervention | E26: 2025 | F26: arXiv preprint arXiv:2506.17486 | G26: https://openreview.net/forum?id=93bWCbhXJR | H26: Peer-reviewed | I26: Published version: CoRL 2025 | J26: Not applicable | N26: PRISM | O26: Llama-3.2-3B, GPT-4o | P26: PRISM | Q26: 3B (Llama-3.2-3B) | R26: Moderate | S26: Moderate | T26: No | U26: Robotics & Real-Time | V26: synthetic dataset | W26: N/A | X26: robot planning, mapping, exploration, manipulation, household assistance | Y26: Introduction of PRISM, a framework for distilling small language models for on-device robot planning. | Z26: United States
A27: 57 | B27: li2024transformer | C27: Li et al. | D27: Transformer-Lite: High-Efficiency Deployment of Large Language Models on Mobile Phone GPUs | E27: 2024 | F27: arXiv preprint arXiv:2403.20041 | G27: https://arxiv.org/abs/2403.20041 | H27: Preprint | J27: b (27) | L27: Yes | N27: Transformer-Lite | O27: ChatGLM2, Gemma | P27: Transformer-Lite | Q27: 2B, 6B, 14B | R27: Moderate | S27: Moderate | T27: No | U27: Robotics & Real-Time | V27: N/A | W27: N/A | X27: intelligent assistants, text summarization, translation, multi-modality | Y27: The paper proposes Transformer-Lite, an engine for high-efficiency deployment of LLMs on mobile GPUs, achieving significant speed improvements. | Z27: China
A28: 58 | B28: jang2025edge | C28: Jang et al. | D28: Edge-First Language Model Inference: Models, Metrics, and Tradeoffs | E28: 2025 | F28: 2025 IEEE 45th International Conference on Distributed Computing Systems Workshops (ICDCSW) | G28: https://arxiv.org/abs/2505.16508 | H28: Peer-reviewed | J28: Not applicable | N28: Edge-Cloud | O28: ChatGPT-4o | P28: N/A | Q28: 0.5B–3B on device (larger cloud comparators) | R28: Moderate | S28: Compact; Moderate | T28: No | U28: Robotics & Real-Time | V28: N/A | W28: MMLU, GSM8K, HumanEval | X28: language comprehension, answering complex queries, arithmetic reasoning, contextual understanding, sentiment analysis, text categorization, factual retrieval, code generation | Y28: This work examines the interplay between edge and cloud deployments for Small Language Models, providing insights into performance-cost tradeoffs. | Z28: United Kingdom
A29: 59 | B29: tian2026floe | C29: Tian et al. | D29: Floe: Federated Specialization for Real-Time LLM–SLM Inference | E29: 2026 | F29: IEEE Transactions on Parallel and Distributed Systems | G29: https://arxiv.org/abs/2602.14302 | H29: Peer-reviewed | J29: Not applicable | N29: Floe | O29: LLMs, SLMs | P29: Floe | Q29: Gemma-2B, Llama-7B on device (larger cloud models) | R29: Moderate | S29: Moderate; Higher | T29: Yes | U29: Robotics & Real-Time | V29: N/A | W29: N/A | X29: Federated learning, Privacy-Preserving, Edge-Cloud Collaboration | Y29: Floe enhances user privacy and personalization while improving model performance and reducing inference latency on edge devices. | Z29: China
A30: 60 | B30: tian2025clone | C30: Tian et al. | D30: CLONE: Customizing LLMs for Efficient Latency-Aware Inference at the Edge | E30: 2025 | F30: 2025 USENIX Annual Technical Conference (USENIX ATC 25) | G30: https://www.usenix.org/conference/atc25/presentation/tian | H30: Peer-reviewed | J30: Not applicable | N30: CLONE | O30: Llama-7B, GPT-3 | P30: CLONE | Q30: Gemma-2B, Llama-2-7B, Vicuna-7B | R30: Higher | S30: Moderate; Higher | T30: Yes | U30: Robotics & Real-Time | V30: N/A | W30: N/A | X30: inference optimization | Y30: The paper presents CLONE, an algorithm-hardware co-design for optimizing LLMs on edge devices to balance latency, energy consumption, and model accuracy. | Z30: China
A31: 61 | B31: swahbert | C31: Martin et al. | D31: SwahBERT: Language Model of Swahili | E31: 2022 | F31: Proceedings of the 2022 Conference of the North American Chapter of the Association for Computational Linguistics: Human Language Technologies | G31: https://aclanthology.org/2022.naacl-main.23 | H31: Peer-reviewed | J31: Not applicable | N31: SwahBERT | O31: multilingual BERT | P31: SwahBERT | Q31: ~105M (BERT-base) | R31: Compact | S31: Compact | T31: No | U31: Natural Language Processing | V31: pre-training dataset, emotion classification dataset | W31: N/A | X31: emotion classification | Y31: Introduction of SwahBERT, a new language model for Swahili, which outperforms multilingual BERT in various tasks. | Z31: South Korea
A32: 62 | B32: inkubalm | C32: Tonja et al. | D32: InkubaLM: A Small Language Model for Low-Resource African Languages | E32: 2024 | F32: arXiv preprint arXiv:2408.17024 | G32: https://arxiv.org/abs/2408.17024 | H32: Preprint | J32: a, c (weights: huggingface.co/lelapa) | K32: Yes | M32: Yes | N32: InkubaLM | O32: GPT-3, BERT | P32: InkubaLM | Q32: 0.4B | R32: Compact | S32: Compact | T32: No | U32: Natural Language Processing | V32: monolingual dataset for 5 African languages | W32: AfriMMLU, AfriXnli | X32: machine translation, question-answering, sentiment analysis, named entity recognition, parts of speech tagging, topic classification | Y32: Introduction of InkubaLM, the first open-source small multilingual language model for African languages. | Z32: South Africa
A33: 63 | B33: urdulm | C33: Ali et al. | D33: UrduLM: A Resource-Efficient Monolingual Urdu Language Model | E33: 2026 | F33: arXiv preprint arXiv:2601.17664 | G33: https://arxiv.org/abs/2601.17664 | H33: Preprint | J33: a (abstract: corpus, tokenizer and model weights released openly) | K33: Yes | N33: UrduLM | O33: LLaMA-2, GPT-4 | P33: UrduLM | Q33: 100M | R33: Compact | S33: Compact | T33: No | U33: Natural Language Processing | V33: 33GB Urdu corpus | W33: New benchmark datasets | X33: sentiment classification, grammar correction | Y33: Introduction of UrduLM, a competitive monolingual Urdu language model trained in low-resource settings. | Z33: Pakistan
A34: 64 | B34: albeto | C34: Canete et al. | D34: ALBETO and DistilBETO: Lightweight Spanish language models | E34: 2022 | F34: Proceedings of the thirteenth language resources and evaluation conference | G34: https://aclanthology.org/2022.lrec-1.457 | H34: Peer-reviewed | J34: Not applicable | N34: ALBETO-tiny | O34: ALBERT, DistilBERT, BETO | P34: ALBETO, DistilBETO | Q34: 5M, 67M, 223M | R34: Lightweight | S34: Lightweight; Compact | T34: No | U34: Natural Language Processing | V34: N/A | W34: GLUES, MLDoc, PAWS-X, XNLI, MLQA, SQAC, XQuAD | X34: natural language understanding, sentiment analysis, document classification, natural language inference | Y34: The paper presents ALBETO and DistilBETO, lightweight Spanish language models that achieve competitive results with fewer parameters. | Z34: Chile
A35: 65 | B35: lilmoo | C35: Fatimah et al. | D35: Raising Bars, Not Parameters: LilMoo Compact Language Model for Hindi | E35: 2026 | F35: arXiv preprint arXiv:2603.03508 | G35: https://arxiv.org/abs/2603.03508 | H35: Preprint | J35: a (models on huggingface.co/Polygl0t project page) | K35: Yes | N35: LilMoo | O35: N/A | P35: LilMoo | Q35: 0.6B | R35: Compact | S35: Compact | T35: No | U35: Natural Language Processing | V35: GigaLekh | W35: N/A | X35: N/A | Y35: Introduction of LilMoo, a Hindi language model trained from scratch to address linguistic inequalities in NLP. | Z35: Germany
A36: 66 | B36: bertabaporu | C36: Costa et al. | D36: BERTabaporu: Assessing a Genre-Specific Language Model for Portuguese NLP | E36: 2023 | F36: Proceedings of the 14th International Conference on Recent Advances in Natural Language Processing | G36: https://aclanthology.org/2023.ranlp-1.24 | H36: Peer-reviewed | J36: Not applicable | N36: BERTabaporu | O36: BERT, BERTimbau | P36: BERTabaporu | Q36: BERT-base (~110M) | R36: Compact | S36: Compact | T36: No | U36: Natural Language Processing | V36: 238 million tweets | W36: N/A | X36: stance prediction, mental health prediction, political alignment prediction | Y36: Introduction of BERTabaporu, a BERT model trained on a large Twitter corpus in Portuguese, and comparison with existing models. | Z36: Brazil
A37: 67 | B37: malbert | C37: Servan et al. | D37: mALBERT: Is a Compact Multilingual BERT Model Still Worth It? | E37: 2024 | F37: Proceedings of the 2024 joint international conference on computational linguistics, language resources and evaluation (LREC-COLING 2024) | G37: https://aclanthology.org/2024.lrec-main.960 | H37: Peer-reviewed | J37: Not applicable | N37: mALBERT | O37: BERT, ALBERT, GPT-4, LLaMA, BLOOM | P37: mALBERT | Q37: 12M (ALBERT) | R37: Lightweight | S37: Lightweight | T37: No | U37: Natural Language Processing | V37: Wikipedia | W37: GLUE, SQuAD | X37: Spoken Language Understanding, Question-Answering, Named Entity Recognition | Y37: The paper presents the release of a multilingual version of ALBERT, mALBERT, and studies the impact of subword tokenization on language performance. | Z37: France
A38: 68 | B38: hennara2025kuwain | C38: Hennara et al. | D38: Kuwain 1.5B: An Arabic SLM via Language Injection | E38: 2025 | F38: arXiv preprint arXiv:2504.15120 | G38: https://arxiv.org/abs/2504.15120 | H38: Preprint | J38: a (GitHub); b (5) | K38: Yes | L38: Yes | N38: Kuwain 1.5B | O38: TinyLlama 1.1B | P38: Kuwain 1.5B | Q38: 1.5B | R38: Moderate | S38: Moderate | T38: No | U38: Natural Language Processing | V38: N/A | W38: N/A | X38: Arabic language modelling | Y38: Injects Arabic into an English-centric small model without full retraining | Z38: Saudi Arabia
A39: 69 | B39: aldallal2025sadeed | C39: Aldallal et al. | D39: Sadeed: Advancing Arabic Diacritization Through Small Language Model | E39: 2025 | F39: arXiv preprint arXiv:2504.21635 | G39: https://arxiv.org/abs/2504.21635 | H39: Preprint | J39: b (7) | L39: Yes | N39: Sadeed | O39: Kuwain 1.5B | P39: Sadeed | Q39: ~1.5B (Kuwain-based) | R39: Moderate | S39: Moderate | T39: No | U39: Natural Language Processing | V39: Diacritized Arabic corpora | W39: SadeedDiac-25 | X39: Arabic diacritization | Y39: Fine-tuned SLM for Arabic diacritization plus SadeedDiac-25 benchmark | Z39: Saudi Arabia
A40: 70 | B40: gessler2022microbert | C40: Gessler and Zeldes | D40: MicroBERT: Effective Training of Low-resource Monolingual BERTs through Parameter Reduction and Multitask Learning | E40: 2022 | F40: MRL Workshop 2022 (ACL Anthology) | G40: https://doi.org/10.18653/v1/2022.mrl-1.9 | H40: Peer-reviewed | J40: Not applicable | N40: MicroBERT | O40: BERT, mBERT, RoBERTa, XLM-R, ELECTRA | P40: MicroBERT | Q40: <1% of mBERT (~<2M) | R40: Lightweight | S40: Lightweight | T40: No | U40: Natural Language Processing | V40: N/A | W40: NER, UD parsing | X40: MLM, POS tagging, parsing, NER | Y40: Small monolingual BERTs with multitask learning for low-resource languages | Z40: United States
A41: 71 | B41: gurgurov2025small | C41: Gurgurov et al. | D41: Small Models, BIG Impact: Efficient Corpus and Graph-Based Adaptation of Small Multilingual Language Models for Low-Resource Languages | E41: 2025 | F41: ACL 2025 Student Research Workshop | G41: https://doi.org/10.18653/v1/2025.acl-srw.24 | H41: Peer-reviewed | J41: Not applicable | N41: None | O41: mBERT, XLM-R-base, LLaMA-3-8B (adapted); GPT-4, DeepSeek-R1 (comparators) | P41: Adapters (Sequential/Invertible Bottleneck, LoRA) | Q41: mBERT 0.177B, XLM-R-base 0.279B, LLaMA-3-8B | R41: Mixed | S41: Compact; Higher | T41: Yes | U41: Natural Language Processing | V41: GlotCC, ConceptNet | W41: N/A | X41: MLM, topic classification, sentiment, NER | Y41: Parameter-efficient adaptation of small multilingual models for low-resource languages | Z41: Germany
A42: 72 | B42: alghamdi2026improving | C42: Alghamdi et al. | D42: Improving on State-of-the-Art Models for Sentiment Analysis on Saudi-English Code-Switching Text | E42: 2026 | F42: Proceedings of the 2nd Workshop on NLP for Languages Using Arabic Script | G42: https://aclanthology.org/2026.abjadnlp-1.30 | H42: Peer-reviewed | J42: Not applicable | N42: XLM-R / GigaBERT | O42: XLM-RoBERTa, GigaBERT, SaudiBERT, Fanar, ALLaM | P42: Saudi-English Sentiment Analysis Code-Switching Dataset (SESA-CSD) | Q42: 143M–371M encoders (XLM-R, GigaBERT, AraBERT-Large); 8B–32B LLM comparators | R42: Compact | S42: Compact | T42: No | U42: Natural Language Processing | V42: N/A | W42: Saudi-English Sentiment Analysis Code-Switching Dataset (SESA-CSD) | X42: sentiment analysis | Y42: The paper presents the first sentiment analysis study on Saudi-English code-switching text and establishes baseline results on a newly created dataset. | Z42: Saudi Arabia
A43: 73 | B43: unigen | C43: Choi et al. | D43: UniGen: Universal Domain Generalization for Sentiment Classification via Zero-Shot Dataset Generation | E43: 2024 | F43: Proceedings of the 2024 Conference on Empirical Methods in Natural Language Processing | G43: https://aclanthology.org/2024.emnlp-main.1 | H43: Peer-reviewed | J43: Not applicable | N43: UniGen | O43: N/A | P43: UNIGEN | Q43: Tiny task models (LSTM 7M, RoBERTa 110M); 1.5B generator | R43: Lightweight | S43: Lightweight; Compact | T43: No | U43: Natural Language Processing | V43: N/A | W43: N/A | X43: sentiment classification | Y43: The proposed UNIGEN method generates a domain-invariant training dataset that enhances domain generalizability for task-specific models. | Z43: South Korea
A44: 74 | B44: fields2023tiny | C44: Fields et al. | D44: Tiny Language Models Enriched with Multimodal Knowledge from Multiplex Networks | E44: 2023 | F44: Proceedings of the BabyLM Challenge at the 27th Conference on Computational Natural Language Learning | G44: https://aclanthology.org/2023.conll-babylm.3 | H44: Peer-reviewed | J44: Not applicable | N44: ELECTRA-Tiny | O44: ELECTRA | P44: N/A | Q44: < 7M | R44: Lightweight | S44: Lightweight | T44: No | U44: Natural Language Processing | V44: BabyLM dataset | W44: GLUE, SuperGLUE, BLiMP | X44: natural language understanding | Y44: The study demonstrates improved data efficiency in a small transformer model by enriching its embeddings with multimodal knowledge from a custom multiplex network. | Z44: United States
A45: 75 | B45: tinyagent | C45: Erdogan et al. | D45: TinyAgent: Function Calling at the Edge | E45: 2024 | F45: arXiv preprint arXiv:2409.00608 | G45: https://doi.org/10.18653/v1/2024.emnlp-demo.9 | H45: Peer-reviewed | I45: Published version: EMNLP 2024 | J45: Not applicable | N45: TinyAgent | O45: GPT-4-Turbo | P45: TinyAgent-1.1B, TinyAgent-7B | Q45: 1.1B, 7B | R45: Moderate | S45: Moderate; Higher | T45: Yes | U45: Agentic AI Applications | V45: high-quality dataset for function calling | W45: N/A | X45: function calling | Y45: Introduction of TinyAgent, a framework for training small language models capable of function calling at the edge. | Z45: United States
A46: 76 | B46: octopusv2 | C46: Chen et al. | D46: Octopus v2: On-Device Language Model for Super Agent | E46: 2024 | F46: arXiv preprint arXiv:2404.01744 | G46: https://arxiv.org/abs/2404.01744 | H46: Preprint | J46: b (49); c | L46: Yes | M46: Yes | N46: Octopus v2 | O46: GPT-4, Llama-7B | P46: Octopus v2 | Q46: 2B | R46: Moderate | S46: Moderate | T46: No | U46: Agentic AI Applications | V46: N/A | W46: N/A | X46: function calling | Y46: A new method that empowers an on-device model with 2 billion parameters to surpass the performance of GPT-4 in both accuracy and latency. | Z46: United States
A47: 77 | B47: dao2025jannanotechnicalreport | C47: Dao et al. | D47: Jan-nano Technical Report | E47: 2025 | F47: arXiv preprint arXiv:2506.22760 | G47: https://arxiv.org/abs/2506.22760 | H47: Preprint | J47: c (technical report of released model) | M47: Yes | N47: Jan-nano | O47: Qwen3-4B | P47: Jan-nano, Jan-nano-128k | Q47: 4B | R47: Moderate | S47: Moderate | T47: No | U47: Agentic AI Applications | V47: MuSiQue | W47: SimpleQA | X47: question answering | Y47: Introduction of Jan-nano, a specialized 4B parameter model that excels in information retrieval and tool utilization. | Z47: Singapore
A48: 78 | B48: rstarmath | C48: Guan et al. | D48: rStar-Math: Small LLMs Can Master Math Reasoning with Self-Evolved Deep Thinking | E48: 2025 | F48: arXiv preprint arXiv:2501.04519 | G48: https://proceedings.mlr.press/v267/guan25f.html | H48: Peer-reviewed | I48: Published version: ICML 2025 | J48: Not applicable | N48: rStar-Math | O48: Qwen2.5-Math-7B, Phi3-mini-3.8B, OpenAI o1-preview | P48: rStar-Math | Q48: 7B (Qwen2.5-Math-7B), 3.8B (Phi3-mini) | R48: Higher | S48: Moderate; Higher | T48: Yes | U48: Agentic AI Applications | V48: 747k math problems | W48: MATH benchmark, USA Math Olympiad (AIME) | X48: math reasoning | Y48: rStar-Math demonstrates that small language models can achieve state-of-the-art math reasoning capabilities through self-evolution and deep thinking. | Z48: China
A49: 79 | B49: zhang2024strong | C49: Zhang et al. | D49: Small Language Models Need Strong Verifiers to Self-Correct Reasoning | E49: 2024 | F49: arXiv preprint arXiv:2404.17140 | G49: https://doi.org/10.18653/v1/2024.findings-acl.924 | H49: Peer-reviewed | I49: Published version: ACL 2024 | J49: Not applicable | N49: Strong-Verifiers | O49: GPT-4 | P49: SCORE | Q49: 7B (Gemma-7B; LLaMA-2-13B also tested) | R49: Higher | S49: Higher | T49: Yes | U49: Agentic AI Applications | V49: N/A | W49: five datasets spanning math and commonsense reasoning | X49: self-correction, reasoning | Y49: The paper proposes a novel pipeline for small language models to enhance their self-correction abilities without relying on larger models. | Z49: United States
A50: 80 | B50: R3 | C50: Wang et al. | D50: Reflect, Rewrite, Repeat: How Simple Arithmetic Enables Advanced Reasoning in Small Language Models | E50: 2026 | F50: Findings of the Association for Computational Linguistics: EACL 2026 | G50: https://doi.org/10.18653/v1/2026.findings-eacl.69 | H50: Peer-reviewed | J50: Not applicable | N50: Reflect-Rewrite-Repeat | O50: Qwen 2.5, Qwen 2.5 Math, Mistral, LLaMA | P50: N/A | Q50: 7B | R50: Higher | S50: Higher | T50: Yes | U50: Agentic AI Applications | V50: 700 basic arithmetic training samples | W50: GSM8K, AIME’25@10, LastLetterConcat | X50: arithmetic reasoning, symbolic reasoning, cognitive reasoning | Y50: Introduction of the R3 framework that improves reasoning capabilities with minimal data and resources. | Z50: United States
A51: 81 | B51: dang2026rl | C51: Dang et al. | D51: Reinforcement Learning for Reasoning in Small LLMs: What Works and What Doesn't | E51: 2026 | F51: arXiv preprint arXiv:2503.16219 | G51: https://arxiv.org/abs/2503.16219 | H51: Preprint | J51: b (79) | L51: Yes | N51: RL-Reasoning | O51: DeepSeek-R1-Distill-Qwen-1.5B | P51: N/A | Q51: 1.5B | R51: Moderate | S51: Moderate | T51: No | U51: Agentic AI Applications | V51: N/A | W51: AMC23, AIME24 | X51: reasoning | Y51: The study demonstrates the efficacy of reinforcement learning for enhancing reasoning capabilities in small LLMs under strict resource constraints. | Z51: Vietnam
A52: 82 | B52: qchunker | C52: Zhao et al. | D52: QChunker: Learning Question-Aware Text Chunking for Domain RAG via Multi-Agent Debate | E52: 2026 | F52: arXiv preprint arXiv:2603.11650 | G52: https://arxiv.org/abs/2603.11650 | H52: Peer-reviewed | I52: Published version: WWW 2026 | J52: Not applicable | N52: QChunker | O52: N/A | P52: QChunker | Q52: 3B (Chunker-3B); Qwen2.5/Qwen3 up to 14B | R52: Moderate | S52: Moderate | T52: No | U52: Agentic AI Applications | V52: 45K entries dataset | W52: small-domain QA dataset concerning hazardous chemical safety | X52: text chunking, question answering | Y52: The paper proposes QChunker, a framework that enhances retrieval-augmented generation by improving text chunking through a multi-agent debate approach. | Z52: China
A53: 83 | B53: roh2026clag | C53: Roh et al. | D53: CLAG: Adaptive Memory Organization via Agent-Driven Clustering for Small Language Model Agents | E53: 2026 | F53: arXiv preprint arXiv:2603.15421 | G53: https://doi.org/10.18653/v1/2026.findings-acl.824 | H53: Peer-reviewed | I53: Published version: ACL 2026 | J53: Not applicable | N53: CLAG | O53: Qwen3-0.6B | P53: CLAG (agent-driven clustered memory) | Q53: 0.6B (Qwen3-0.6B) | R53: Compact | S53: Compact | T53: No | U53: Agentic AI Applications | V53: N/A | W53: LoCoMo, HotpotQA | X53: Agent memory organization and retrieval (long-horizon QA) | Y53: Introduction of CLAG, a clustering-based agentic memory framework that enhances memory organization for small language models. | Z53: South Korea
A54: 84 | B54: do-etal-2026-conras | C54: Do et al. | D54: ConRAS: Contrastive In-context Learning Framework for Retrieval-Augmented Summarization | E54: 2026 | F54: Findings of the Association for Computational Linguistics: EACL 2026 | G54: https://doi.org/10.18653/v1/2026.findings-eacl.255 | H54: Peer-reviewed | J54: Not applicable | N54: ConRAS | O54: small language models (SLMs) | P54: ConRAS | Q54: 1B–4B (Llama-3.2-1B/3B, Qwen3-1.7B/4B) | R54: Moderate | S54: Moderate | T54: No | U54: Agentic AI Applications | V54: N/A | W54: three summarization benchmarks | X54: retrieval-augmented summarization | Y54: The paper proposes ConRAS, a novel framework that injects contrastive objectives into ICL-based retrieval-augmented summarization, demonstrating significant improvements in summary quality. | Z54: South Korea
A55: 86 | B55: wu2026tinycriticrag | C55: Wu et al. | D55: Tiny-Critic RAG: Empowering Agentic Fallback with Parameter-Efficient Small Language Models | E55: 2026 | F55: arXiv preprint arXiv:2603.00846 | G55: https://doi.org/10.1109/ICAACE69793.2026.11508939 | H55: Peer-reviewed | I55: Published version: ICAACE 2026 (IEEE) | J55: Not applicable | N55: Tiny-Critic RAG | O55: GPT-4, T5-Large, Qwen-1.7B | P55: Tiny-Critic RAG | Q55: 1.7B | R55: Moderate | S55: Moderate | T55: No | U55: Agentic AI Applications | V55: N/A | W55: noise-injected datasets | X55: retrieval-augmented generation, multi-hop reasoning | Y55: The paper proposes Tiny-Critic RAG, a framework that uses a parameter-efficient Small Language Model to improve routing accuracy and reduce latency in retrieval-augmented generation. | Z55: United States
A56: 87 | B56: pham2025slimlm | C56: Pham et al. | D56: SlimLM: An Efficient Small Language Model for On-Device Document Assistance | E56: 2024 | F56: arXiv preprint arXiv:2411.09944 | G56: https://doi.org/10.18653/v1/2025.acl-demo.42 | H56: Peer-reviewed | I56: Published version: ACL 2025 (System Demonstrations) | J56: Not applicable | N56: SlimLM | O56: N/A | P56: SlimLM-125M, SlimLM-1B | Q56: 125M, 1B | R56: Compact | S56: Compact; Moderate | T56: No | U56: Agentic AI Applications | V56: SlimPajama-627B, DocAssist | W56: N/A | X56: summarization, question answering, question suggestion | Y56: SlimLM models are optimized for efficient on-device processing of document assistance tasks on mobile devices. | Z56: United States
A57: 88 | B57: zonui3b | C57: Hsieh et al. | D57: ZonUI-3B: Competitive GUI Grounding with a 3B VLM Trained on a Single Consumer GPU | E57: 2026 | F57: WACV 2026 (IEEE/CVF) | G57: https://arxiv.org/abs/2506.23491 | H57: Peer-reviewed | J57: Not applicable | N57: ZonUI-3B | O57: Qwen2.5-VL-3B (base) | P57: ZonUI-3B | Q57: 3B | R57: Moderate | S57: Moderate | T57: No | U57: Agentic AI Applications | V57: 24K cross-platform GUI screenshots (mobile, desktop, web) | W57: ScreenSpot, ScreenSpot-v2, ScreenSpot-Pro | X57: GUI grounding | Y57: 3B VLM trained on a single RTX 4090 reaches 84.9% (ScreenSpot) and 86.4% (ScreenSpot-v2), best among models under 4B | Z57: Taiwan
A58: 89 | B58: liang2025cmatmultiagentcollaborationtuning | C58: Liang et al. | D58: CMAT: A Multi-Agent Collaboration Tuning Framework for Enhancing Small Language Models | E58: 2025 | F58: arXiv preprint arXiv:2404.01663 | G58: https://arxiv.org/abs/2404.01663 | H58: Preprint | J58: b (31) | L58: Yes | N58: CMAT | O58: BERT, GPT-4, Qwen, Codellama | P58: TinyAgent-7B | Q58: 7B | R58: Higher | S58: Higher | T58: Yes | U58: Agentic AI Applications | V58: N/A | W58: N/A | X58: dialogue management, language model fine-tuning | Y58: Introduction of the Collaborative Multi-Agent Tuning framework and the TinyAgent model that enhances small language models' performance. | Z58: China
A59: 90 | B59: tan2024smallmodelsbiginsights | C59: Tan et al. | D59: Small Models, Big Insights: Leveraging Slim Proxy Models To Decide When and What to Retrieve for LLMs | E59: 2024 | F59: arXiv preprint arXiv:2402.12052 | G59: https://doi.org/10.18653/v1/2024.acl-long.242 | H59: Peer-reviewed | I59: Published version: ACL 2024 | J59: Not applicable | N59: SlimPLM | O59: N/A | P59: SlimPLM | Q59: 1.1B (small model); Llama2-7B/70B, Qwen-7B/72B as LLMs | R59: Moderate | S59: Moderate | T59: No | U59: Agentic AI Applications | V59: N/A | W59: five datasets | X59: question-answering | Y59: Introduction of a novel collaborative approach, SlimPLM, that detects missing knowledge in LLMs using a slim proxy model. | Z59: China
A60: 91 | B60: zhao2023lingualinked | C60: Zhao et al. | D60: LinguaLinked: A Distributed Large Language Model Inference System for Mobile Devices | E60: 2023 | F60: arXiv preprint arXiv:2312.00388 | G60: https://arxiv.org/abs/2312.00388 | H60: Preprint | J60: b (12) | L60: Yes | N60: LinguaLinked | O60: Vicuna-13B | P60: LinguaLinked | Q60: 1.1B–3B (BLOOM) | R60: Moderate | S60: Moderate | T60: No | U60: Agentic AI Applications | V60: N/A | W60: N/A | X60: inference, text generation, question answering, machine translation, text summarization | Y60: Introduction of LinguaLinked, a system for decentralized, distributed LLM inference on mobile devices that enhances efficiency and maintains data privacy. | Z60: United States
A61: 92 | B61: wu2024 | C61: Wu et al. | D61: Could Small Language Models Serve as Recommenders? Towards Data-centric Cold-start Recommendations | E61: 2024 | F61: Proceedings of the ACM Web Conference 2024 | G61: https://arxiv.org/abs/2306.17256 | H61: Peer-reviewed | J61: Not applicable | N61: PromptRec | O61: N/A | P61: PromptRec | Q61: BERT (29.1M); LLaMA-7B comparator | R61: Lightweight | S61: Lightweight | T61: No | U61: Emerging & Cross-Cutting | V61: N/A | W61: cold-start recommendation benchmark | X61: recommendation, sentiment analysis | Y61: The paper proposes PromptRec, a data-centric approach for system cold-start recommendations using small language models. | Z61: United States
A62: 93 | B62: guainazzo | C62: Guainazzo et al. | D62: Navigating the Seas of AI: Effectiveness of Small Language Models on Edge Devices for Maritime Applications | E62: 2026 | F62: Sensors | G62: https://doi.org/10.3390/s26051590 | H62: Peer-reviewed | J62: Not applicable | N62: Maritime-RAG | O62: N/A | P62: N/A | Q62: 0.5B–3.8B (Qwen-2.5-0.5B/1.5B/3B, Phi-3.5-mini 3.8B; INT4/INT8) | R62: Moderate | S62: Compact; Moderate | T62: No | U62: Emerging & Cross-Cutting | V62: N/A | W62: N/A | X62: maritime navigation | Y62: This paper explores the feasibility of employing small language models on edge devices for maritime navigation in environments with limited internet connectivity. | Z62: Italy
A63: 97 | B63: shakti | C63: Shakhadri et al. | D63: SHAKTI: A 2.5 Billion Parameter Small Language Model Optimized for Edge AI and Low-Resource Environments | E63: 2025 | F63: IFIP International Conference on Artificial Intelligence Applications and Innovations | G63: https://arxiv.org/abs/2410.11331 | H63: Peer-reviewed | J63: Not applicable | N63: Shakti | O63: GPT-3, LLaMA, Mistral, Phi-3 | P63: Shakti | Q63: 2.5B | R63: Moderate | S63: Moderate | T63: No | U63: Emerging & Cross-Cutting | V63: N/A | W63: N/A | X63: text summarization, machine translation, question answering | Y63: Shakti is a 2.5 billion parameter language model optimized for resource-constrained environments, combining high performance with efficiency for edge AI applications. | Z63: India
A64: 116 | B64: mei2023lightlm | C64: Mei et al. | D64: LightLM: A Lightweight Deep and Narrow Language Model for Generative Recommendation | E64: 2023 | F64: arXiv preprint arXiv:2310.17488 | G64: https://arxiv.org/abs/2310.17488 | H64: Preprint | J64: b (26) | L64: Yes | N64: LightLM | O64: T5, GPT, LLaMA, M6 | P64: LightLM | Q64: Not stated; 6+6 layers, d=512, narrow FFN (est. tens of millions) | R64: Lightweight | S64: Lightweight | T64: No | U64: Emerging & Cross-Cutting | V64: N/A | W64: N/A | X64: generative recommendation | Y64: Deep-and-narrow lightweight Transformer for generative recommendation | Z64: United States
A65: 111 | B65: maity2024nanobert | C65: Maity et al. | D65: NanoBERT: An Extremely Compact Language Model | E65: 2024 | F65: CODS-COMAD 2024 (ACM) | G65: https://doi.org/10.1145/3632410.3632451 | H65: Peer-reviewed | J65: Not applicable | N65: NanoBERT | O65: BERT | P65: NanoBERT | Q65: Not stated in accessible sources (described as extremely compact BERT) | R65: Lightweight | S65: Lightweight | T65: No | U65: Natural Language Processing | V65: N/A | W65: N/A | X65: text classification, named entity recognition | Y65: Very compact BERT variant for edge/mobile use | Z65: India
A66: 112 | B66: cohn2023eelbert | C66: Cohn et al. | D66: EELBERT: Tiny Models through Dynamic Embeddings | E66: 2023 | F66: EMNLP 2023 Industry Track | G66: https://doi.org/10.18653/v1/2023.emnlp-industry.43 | H66: Peer-reviewed | J66: Not applicable | N66: EELBERT | O66: BERT, T5, mT5, RoBERTa | P66: EELBERT, UNO-EELBERT | Q66: 1.2 MB (UNO-EELBERT) | R66: Lightweight | S66: Lightweight | T66: No | U66: Natural Language Processing | V66: N/A | W66: GLUE | X66: text classification, sequence labelling | Y66: Embedding-less BERT with dynamically computed embeddings for tiny models | Z66: United States
A67: 113 | B67: hussain2025adaptive | C67: Hussain et al. | D67: Adaptive Multitask Emotion Recognition and Sentiment Analysis Using Resource-Constrained MobileBERT and DistilBERT: An Efficient Approach for Edge Devices | E67: 2025 | F67: PeerJ Computer Science | G67: https://peerj.com/articles/cs-3287 | H67: Peer-reviewed | J67: Not applicable | O67: MobileBERT, DistilBERT | P67: Adaptive multitask emotion + sentiment model | Q67: MobileBERT (25M), DistilBERT (66M) | R67: Lightweight | S67: Lightweight | T67: No | U67: Natural Language Processing | V67: MELD, IEMOCAP | W67: MELD, IEMOCAP | X67: Emotion recognition and sentiment analysis on edge devices | Y67: Joint multitask learning with prototypical networks outperforms single-task models in accuracy and efficiency | Z67: China
A68: 118 | B68: godey2024small | C68: Godey et al. | D68: Why do small language models underperform? Studying Language Model Saturation via the Softmax Bottleneck | E68: 2024 | F68: arXiv preprint arXiv:2404.07647 | G68: https://arxiv.org/abs/2404.07647 | H68: Preprint | J68: b (23) | L68: Yes | O68: BERT, GPT-2, Pythia | P68: N/A | Q68: Pythia suite (160M–1B and larger checkpoints) | R68: Compact | S68: Compact; Moderate | T68: No | U68: General (techniques / evaluation) | V68: Pile | W68: Lambada | X68: language modeling | Y68: The paper characterizes the performance saturation of small language models and explores the correlation with representation degeneration. | Z68: France
A69: 119 | B69: 2024mobilellm | C69: Liu et al. | D69: MobileLLM: Optimizing Sub-billion Parameter Language Models for On-Device Use Cases | E69: 2024 | F69: Forty-first International Conference on Machine Learning | G69: https://proceedings.mlr.press/v235/liu24ce.html | H69: Peer-reviewed | J69: Not applicable | O69: Cerebras-GPT, OPT, GPT-Neo, BLOOM, Pythia, RWKV | P69: MobileLLM, MobileLLM-LS | Q69: 125M, 350M | R69: Compact | S69: Compact | T69: No | U69: General (techniques / evaluation) | V69: N/A | W69: N/A | X69: zero-shot common sense tasks | Y69: The paper presents MobileLLM, a model architecture that achieves significant accuracy improvements for sub-billion parameter language models suitable for mobile deployment. | Z69: United States
A70: 117 | B70: tosheva2025zero | C70: Tosheva et al. | D70: Zero-Shot Reasoning with BLIP and SmolLM | E70: 2025 | F70: CEUR-WS | G70: https://ceur-ws.org/Vol-4038/paper_211.pdf | H70: Peer-reviewed | J70: Not applicable | O70: BLIP-Base, SmolLM-360M | P70: BLIP + SmolLM pipeline | Q70: 360M (LM) | R70: Compact | S70: Compact | T70: No | U70: Emerging & Cross-Cutting | V70: MBZUAI EXAMS-V (16,724 train) | W70: EXAMS-V validation (4,208) | X70: Multimodal reasoning (image-based multiple-choice science questions), ImageCLEF 2025 | Y70: Caption-then-answer pipeline with a 360M LM; prompt-ablation study of three templates | Z70: Bulgaria
A71: 107 | B71: xiang2025device | C71: Xiang et al. | D71: On-Device Qwen2.5: Efficient LLM Inference with Model Compression and Hardware Acceleration | E71: 2025 | F71: arXiv preprint arXiv:2504.17376 | G71: https://arxiv.org/abs/2504.17376 | H71: Preprint | J71: b (10) | L71: Yes | O71: Qwen2.5-0.5B | P71: On-device Qwen2.5-0.5B deployment framework (AWQ + FPGA) | Q71: 0.5B | R71: Compact | S71: Compact | T71: No | U71: Robotics & Real-Time | V71: N/A | W71: N/A (throughput, compression rate) | X71: Edge inference on Xilinx Kria KV260 (CPU+FPGA) | Y71: AWQ plus FPGA offloading: 55.08% compression, 5.1 vs 2.8 tokens/s | Z71: Singapore
A72: 108 | B72: feng2025qwen2 | C72: Feng et al. | D72: Qwen2. 5-0.5 B Inference Optimization Based on FPGA Acceleration | E72: 2025 | F72: 2025 4th International Conference on Artificial Intelligence, Internet of Things and Cloud Computing Technology (AIoTC) | G72: https://ieeexplore.ieee.org/document/11198611 | H72: Peer-reviewed | J72: Not applicable | O72: Qwen2.5-0.5B-Instruct | P72: FPGA inference accelerator for Qwen2.5-0.5B | Q72: 0.5B | R72: Compact | S72: Compact | T72: No | U72: Robotics & Real-Time | V72: N/A | W72: N/A (inference speed, resource use) | X72: Edge LLM inference on AMD-Xilinx Kria KV260 | Y72: Demonstrates feasible Qwen2.5-0.5B inference on FPGA with MAC-parallel and register-hierarchy optimizations | Z72: China
A73: 114 | B73: yan2025lightweight | C73: Yan et al. | D73: A Lightweight Detector: Zero-Shot Detection of Machine-Generated Text with Once Call | E73: 2025 | F73: 2025 5th International Conference on Artificial Intelligence, Big Data and Algorithms (CAIBDA) | G73: https://ieeexplore.ieee.org/document/11183347 | H73: Peer-reviewed | J73: Not applicable | O73: Qwen-2.5-0.5B, Qwen-3-0.6B (detector); GLM-4-Flash, Qwen-Turbo (generators) | P73: Lightweight zero-shot machine-generated-text detector | Q73: 0.5B–0.6B | R73: Compact | S73: Compact | T73: No | U73: Natural Language Processing | V73: N/A (zero-shot) | W73: Student-essay and AI-generated text sets (AUROC) | X73: Detecting AI-generated student text | Y73: Single-call zero-shot detector with a sub-1B model, at much lower compute and time cost | Z73: China
A74: 115 | B74: chopra2025small | C74: Chopra et al. | D74: How Small Can You Go? Compact Language Models for On-Device Critical Error Detection in Machine Translation | E74: 2025 | F74: arXiv preprint arXiv:2511.09748 | G74: https://doi.org/10.1109/BigData66926.2025.11401605 | H74: Peer-reviewed | I74: Published version: IEEE BigData 2025 | J74: Not applicable | O74: LFM2-350M, Qwen3-0.6B/1.7B, Llama-3.2-1B-Instruct, Gemma-3-1B | P74: None (benchmark + calibration framework) | Q74: 0.35B–1.7B | R74: Moderate | S74: Compact; Moderate | T74: No | U74: Natural Language Processing | V74: SynCED-EnDe 2025 (fine-tuning) | W74: WMT21, WMT22, SynCED-EnDe 2025 | X74: Critical error detection in English→German MT | Y74: ~1B is the sweet spot: Gemma-3-1B MCC 0.77, F1-ERR 0.98, ~400 ms latency on a MacBook M4 Pro | Z74: Germany
A75: 120 | B75: hanna2023does | C75: Hanna et al. | D75: How Does GPT-2 Compute Greater-Than?: Interpreting Mathematical Abilities in a Pre-Trained Language Model | E75: 2023 | F75: Advances in Neural Information Processing Systems | G75: https://proceedings.neurips.cc/paper_files/paper/2023/hash/efbba7719cc5172d175240f24be11280-Abstract-Conference.html | H75: Peer-reviewed | J75: Not applicable | O75: GPT-2 small | P75: None (mechanistic interpretability analysis) | Q75: 124M | R75: Compact | S75: Compact | T75: No | U75: General (techniques / evaluation) | V75: N/A | W75: Year-span "greater-than" prompts | X75: Interpretability of arithmetic (greater-than) behaviour | Y75: Identifies the circuit by which GPT-2 small computes greater-than; final MLPs boost valid end years | Z75: Netherlands
A76: 109 | B76: yadav2025zero | C76: Yadav et al. | D76: Zero-Shot Fused Attention-Based GPT-2 Accelerator for Resource-Constrained Embedded Platform | E76: 2025 | F76: IEEE Embedded Systems Letters | G76: https://ieeexplore.ieee.org/document/11054269 | H76: Peer-reviewed | J76: Not applicable | O76: GPT-2 (several configurations) | P76: Fused-attention GPT-2 IP core on ZCU104 FPGA | Q76: GPT-2 (124M and larger configurations) | R76: Compact | S76: Compact | T76: No | U76: Robotics & Real-Time | V76: N/A (zero-shot) | W76: N/A (throughput, power, energy, utilization) | X76: Embedded GPT-2 inference acceleration | Y76: Hardware-software co-design raises throughput 25.3% (67.11 → 84.03 samples/s) | Z76: India
A77: 98 | B77: huang2024applying | C77: Huang et al. | D77: Applying Language Models for Recognizing and Normalizing Sensitive Information from Electronic Health Records Text Notes | E77: 2024 | F77: International Workshop on Deidentification of Electronic Medical Record Notes | G77: https://link.springer.com/book/10.1007/978-981-97-7966-6 | H77: Peer-reviewed | J77: Not applicable | O77: Pythia-160m-deduped; ChatGPT (tried, dropped) | P77: SHI recognition/normalization system | Q77: 160M | R77: Compact | S77: Compact | T77: No | U77: Healthcare & Biomedical | V77: AI-CUP 2023 SHI training data | W77: PPSEMR test set | X77: Recognition and normalization of sensitive health information in EMR notes | Y77: Pythia-160M system reaches micro-F 0.744 / macro-F 0.596; ChatGPT could not follow the prompt format | Z77: Taiwan
A78: 99 | B78: chiu2024two | C78: Chiu et al. | D78: A Two-Stage Fine-Tuning Procedure to Improve the Performance of Language Models in Sensitive Health Information Recognition and Normalization Tasks | E78: 2024 | F78: International Workshop on Deidentification of Electronic Medical Record Notes | G78: https://link.springer.com/chapter/10.1007/978-981-97-7966-6_15 | H78: Peer-reviewed | J78: Not applicable | O78: Pythia (size not stated in abstract); ChatGPT for data augmentation | P78: Two-stage fine-tuned Pythia | Q78: Not stated in abstract (Pythia) | R78: Not stated | S78: Not stated | T78: No | U78: Healthcare & Biomedical | V78: AI-CUP 2023 data + ChatGPT-augmented data | W78: Not stated in abstract | X78: Recognition and normalization of sensitive health information in EMR notes | Y78: Two-stage fine-tuning with ChatGPT-generated augmentation for SHI extraction and normalization | Z78: Taiwan
A79: 104 | B79: wu2026ucoder | C79: Wu et al. | D79: UCoder: Unsupervised Code Generation by Internal Probing of Large Language Models | E79: 2026 | F79: Findings of ACL 2026 | G79: https://doi.org/10.18653/v1/2026.findings-acl.277 | H79: Peer-reviewed | J79: Not applicable | O79: Qwen2.5-Coder-7B/14B/32B | P79: UCoder-7B/14B/32B | Q79: 7B / 14B / 32B | R79: Higher | S79: Higher | T79: Yes | U79: Coding & Software Eng. | V79: None (unsupervised internal probing, no external corpus) | W79: HumanEval, MBPP, MBPP+, LiveCodeBench, BigCodeBench | X79: Code generation | Y79: Unsupervised IPC framework trains code models without labelled or unlabelled code, competitive with supervised training | Z79: China
A80: 105 | B80: aggarwal2025nextcoder | C80: Aggarwal et al. | D80: NextCoder: Robust Adaptation of Code LMs to Diverse Code Edits | E80: 2025 | F80: Forty-second International Conference on Machine Learning | G80: https://proceedings.mlr.press/v267/aggarwal25b.html | H80: Peer-reviewed | J80: Not applicable | O80: Qwen2.5-Coder 3B/7B/14B/32B, DeepSeek-Coder | P80: NextCoder-3B/7B/14B/32B (SeleKT adaptation) | Q80: 3B–32B | R80: Higher | S80: Moderate; Higher | T80: Yes | U80: Coding & Software Eng. | V80: Synthetic code-edit data from seed examples | W80: Five code-editing benchmarks | X80: Code editing | Y80: SeleKT sparse adaptation yields NextCoder models that beat comparable-size models while retaining generation ability | Z80: India
A81: 100 | B81: ugwumba2026enhancing | C81: Ugwumba | D81: Enhancing Clinical Decision Support and Patient Communication Using MedGemma and Open Health AI Models | E81: 2026 | F81: Research Square (preprint), doi:10.21203/rs.3.rs-8695070/v1 | G81: https://doi.org/10.21203/rs.3.rs-8695070/v1 | H81: Preprint | I81: Research Square | J81: a (GitHub code) | K81: Yes | O81: MedGemma, Health AI Developer Foundations models | P81: MedGemma-based clinical application | Q81: Not stated (MedGemma) | R81: Not stated | S81: Not stated | T81: No | U81: Healthcare & Biomedical | V81: Real-world medical text datasets | W81: Same (contextual understanding, relevance, usefulness) | X81: Clinical decision support and patient communication | Y81: MedGemma-based system reduces documentation burden and improves information access | Z81: Nigeria
A82: 101 | B82: buskila2026domain | C82: Buskila | D82: Domain Fine-Tuning vs. Retrieval-Augmented Generation for Medical Multiple-Choice Question Answering: A Controlled Comparison at the 4B-Parameter Scale | E82: 2026 | F82: arXiv preprint arXiv:2604.23801 | G82: https://arxiv.org/abs/2604.23801 | H82: Preprint | J82: a (code: github.com/aviad-buskila/what_makes_it_right) | K82: Yes | O82: Gemma 3 4B, MedGemma 4B (4-bit, Ollama) | P82: None (controlled 2×2 comparison) | Q82: 4B | R82: Moderate | S82: Moderate | T82: No | U82: Healthcare & Biomedical | V82: N/A (RAG corpus: MedMCQA explanations) | W82: MedQA-USMLE 4-option test (1,273 questions) | X82: Medical multiple-choice QA | Y82: Domain fine-tuning +6.8 pp (53.3% vs 46.4%); RAG gives no significant gain | Z82: Israel
A83: 102 | B83: liu2025medgemma | C83: Liu et al. | D83: MedGemma-Critic: Fine-Tuning Medical Language Models for Domain-Specialised Text Evaluation | E83: 2025 | F83: 2025 International Conference on Digital Image Computing: Techniques and Applications (DICTA) | G83: https://ieeexplore.ieee.org/abstract/document/11302446 | H83: Peer-reviewed | J83: Not applicable | O83: MedGemma-4B | P83: MedGemma-Critic | Q83: 4B | R83: Moderate | S83: Moderate | T83: No | U83: Healthcare & Biomedical | V83: ~3k samples from a multi-agent curation pipeline | W83: Clinician-annotated medical text evaluation set | X83: Evaluating medical AI-generated text (scoring and pairwise preference) | Y83: Domain critic beats the zero-shot backbone and general-purpose critics on decision match rate | Z83: Australia
A84: 103 | B84: he2026locally | C84: He et al. | D84: Locally-Deployed vs. Cloud-Based AI in Healthcare: Evaluating DeepSeek-R1:8b, DeepSeek-R1, and ChatGPT o3-mini-high for Complex Medical Diagnostics | E84: 2026 | F84: Frontiers in Digital Health | G84: https://doi.org/10.3389/fdgth.2026.1785443 | H84: Peer-reviewed | J84: Not applicable | O84: DeepSeek-R1:8b (local), DeepSeek-R1, ChatGPT o3-mini-high | P84: None (comparative evaluation) | Q84: 8B (local model) | R84: Higher | S84: Higher | T84: Yes | U84: Healthcare & Biomedical | V84: N/A | W84: Complex medical diagnostic cases | X84: Medical diagnostics: local vs cloud reasoning models | Y84: Compares a locally deployed 8B reasoning model with cloud models on accuracy and response characteristics | Z84: China
A85: 121 | B85: abstreiter2026sometimes | C85: Abstreiter et al. | D85: Sometimes Painful but Promising: Feasibility and Trade-offs of On-Device Language Model Inference | E85: 2025 | F85: ACM Transactions on Embedded Computing Systems | G85: https://arxiv.org/abs/2503.09114 | H85: Peer-reviewed | J85: Not applicable | N85: None | O85: Qwen2-0.5B, Flan-T5-Large, Llama-3.2-1B/3B, Qwen2-1.5B, Gemma-2-2B/9B, Phi-3.5-mini, Yi-1.5-6B, InternLM-2.5-7B, Llama-3.1-8B; GPT-4o (comparator) | P85: N/A | Q85: 0.5B–9.2B (11 models) | R85: Mixed | S85: Compact; Moderate; Higher | T85: Yes | U85: General (techniques / evaluation) | V85: N/A | W85: MMLU, GSM8K, HumanEval | X85: on-device inference benchmarking | Y85: Evaluates feasibility and trade-offs of generative LM inference on edge devices | Z85: Finland
A86: 122 | B86: prieto2025edge | C86: Prieto et al. | D86: Edge Deployment of Small Language Models, a comprehensive comparison of CPU, GPU and NPU backends | E86: 2025 | F86: arXiv preprint arXiv:2511.22334 | G86: https://arxiv.org/abs/2511.22334 | H86: Preprint | J86: b (6) | L86: Yes | N86: None | O86: Qwen3-0.6B/1.7B/8B, Qwen2.5-Coder-1.5B, Llama-3.1-8B, Llama-3.2-1B/3B, Llama-2-7B, DeepSeek-R1 distills (8B, 14B), Falcon3-1B | P86: N/A | Q86: 0.6B–14B | R86: Mixed | S86: Compact; Moderate; Higher | T86: Yes | U86: General (techniques / evaluation) | V86: N/A | W86: N/A | X86: inference performance and energy on CPU/GPU/NPU | Y86: Compares edge backends for SLM inference speed and energy | Z86: Spain
A87: 123 | B87: muralidharan2024compact | C87: Muralidharan et al. | D87: Compact Language Models via Pruning and Knowledge Distillation | E87: 2024 | F87: Advances in Neural Information Processing Systems | G87: https://proceedings.neurips.cc/paper_files/paper/2024/hash/4822991365c962105b1b95b1107d30e5-Abstract-Conference.html | H87: Peer-reviewed | J87: Not applicable | O87: Nemotron-4, Mistral 7B, Gemma 7B, LLaMa-3 8B | P87: MINITRON 8B, MINITRON 4B | Q87: 8B, 4B | R87: Higher | S87: Moderate; Higher | T87: Yes | U87: General (techniques / evaluation) | V87: N/A | W87: MMLU | X87: language modeling | Y87: The paper presents a method for compressing large language models through pruning and knowledge distillation, achieving significant cost savings and improved performance. | Z87: United States
A88: 110 | B88: rahman2023quantized | C88: Rahman et al. | D88: Quantized Transformer Language Model Implementations on Edge Devices | E88: 2023 | F88: 2023 International Conference on Machine Learning and Applications (ICMLA) | G88: https://arxiv.org/abs/2310.03971 | H88: Peer-reviewed | J88: Not applicable | O88: BERT, MobileBERT | P88: N/A | Q88: MobileBERT (~25M) | R88: Lightweight | S88: Lightweight | T88: No | U88: Robotics & Real-Time | V88: RepLab 2013 | W88: N/A | X88: Reputation analysis | Y88: The study evaluates the performance of quantized MobileBERT models on edge devices, demonstrating significant reductions in model size with minimal accuracy loss. | Z88: United States
A89: 124 | B89: srivastava2025 | C89: Srivastava et al. | D89: Towards Reasoning Ability of Small Language Models | E89: 2025 | F89: Proceedings of the 2025 Conference on Empirical Methods inNatural Language Processing (EMNLP) | G89: https://aclanthology.org/2025.emnlp-main.1659 | H89: Peer-reviewed | J89: Not applicable | O89: GPT-4, Phi-3.5-mini, DeepSeek-R1, LLaMA-70B | P89: THINKSLM | Q89: 72 SLMs, e.g. Qwen2.5-0.5B–3B, SmolLM2-1.7B, Llama-3.1-8B (larger models up to ~32B as references) | R89: Mixed | S89: Compact; Moderate; Higher | T89: Yes | U89: General (techniques / evaluation) | V89: N/A | W89: 17 reasoning benchmarks | X89: reasoning | Y89: This paper introduces THINKSLM, the first extensive benchmark to systematically evaluate and study the reasoning abilities of small language models. | Z89: United States
A90: 125 | B90: bi2026judgeboard | C90: Bi et al. | D90: JudgeBoard: Benchmarking and Enhancing Small Language Models for Reasoning Evaluation | E90: 2026 | F90: Proceedings of the AAAI Conference on Artificial Intelligence | G90: https://ojs.aaai.org/index.php/AAAI/article/view/40256 | H90: Peer-reviewed | J90: Not applicable | O90: N/A | P90: JudgeBoard, MAJ | Q90: 3B–14B (Llama3.2-3B, Qwen3-4B/8B/14B, Gemma3-4B/12B, Mistral-7B, Llama3.1-8B) | R90: Mixed | S90: Moderate; Higher | T90: Yes | U90: General (techniques / evaluation) | V90: N/A | W90: MATH, five benchmark datasets | X90: reasoning evaluation | Y90: The paper introduces JudgeBoard, a novel evaluation pipeline for assessing the correctness of answers from small language models without requiring answer comparisons. | Z90: United States
A91: 126 | B91: sinha2025ready | C91: Sinha et al. | D91: Are Small Language Models Ready to Compete with Large Language Models for Practical Applications? | E91: 2025 | F91: Proceedings of the 5th Workshop on Trustworthy Natural Language Processing (TrustNLP 2025) | G91: https://aclanthology.org/2025.trustnlp-main.25 | H91: Peer-reviewed | J91: Not applicable | O91: DeepSeek-v2, GPT-4o-mini, Gemini-1.5-Pro | P91: SmolLM-1.7B, Gemma, Llama-3, Falcon-2, SmolLM-1.7B-I, Gemma-I, Llama-3-I, Mistral-7B-I | Q91: 1.7B, 2B, 7B, 8B, 11B | R91: Mixed | S91: Moderate; Higher | T91: Yes | U91: General (techniques / evaluation) | V91: N/A | W91: N/A | X91: Title Generation, News, Deductive Reasoning, Generation | Y91: Proposes a framework to evaluate small, open LMs in practical settings and compares their performance against SOTA LLMs. | Z91: United States
A92: 127 | B92: husom2025sustainable | C92: Husom et al. | D92: Sustainable LLM Inference for Edge AI: Evaluating Quantized LLMs for Energy Efficiency, Output Accuracy, and Inference Latency | E92: 2025 | F92: ACM Transactions on Internet of Things 6(4) | G92: https://arxiv.org/abs/2504.03360 | H92: Peer-reviewed | J92: Not applicable | N92: None | O92: Llama-3.2-1B, Qwen2.5-0.5B/1.5B, Gemma-2-2B (28 quantized variants) | P92: N/A | Q92: 0.49B–2.6B | R92: Mixed | S92: Compact; Moderate | T92: No | U92: General (techniques / evaluation) | V92: N/A | W92: CommonsenseQA, BIG-Bench Hard, TruthfulQA, GSM8K, HumanEval | X92: energy, latency and accuracy of quantized models | Y92: Measures energy-latency-accuracy trade-offs of quantized models on edge hardware | Z92: Norway
A93: 128 | B93: cao2026task | C93: Cao et al. | D93: Task-Specific Efficiency Analysis: When Small Language Models Outperform Large Language Models | E93: 2026 | F93: arXiv preprint arXiv:2603.21389 | G93: https://www.esann.org/sites/default/files/proceedings/2026/ES2026-274.pdf | H93: Peer-reviewed | I93: Published version: ESANN 2026 | J93: Not applicable | O93: GPT-4, LLaMA-3, Qwen-2.5 | P93: N/A | Q93: 0.5B-72B | R93: Mixed | S93: Compact; Moderate; Higher | T93: Yes | U93: General (techniques / evaluation) | V93: N/A | W93: N/A | X93: NLP tasks | Y93: A comprehensive task-specific efficiency analysis comparing 16 language models across five diverse NLP tasks using a novel Performance-Efficiency Ratio (PER) metric. | Z93: United States
A94: 129 | B94: mitra2023orca | C94: Mitra et al. | D94: Orca 2: Teaching Small Language Models How to Reason | E94: 2023 | F94: arXiv preprint arXiv:2311.11045 | G94: https://arxiv.org/abs/2311.11045 | H94: Preprint | J94: b (218) | L94: Yes | O94: LLaMA-2 | P94: Orca-2-7B, Orca-2-13B | Q94: 7B, 13B | R94: Higher | S94: Higher | T94: Yes | U94: General (techniques / evaluation) | V94: N/A | W94: 15 diverse benchmarks | X94: reasoning, language understanding, common sense reasoning, multi-step reasoning, math problem solving | Y94: Orca 2 enhances reasoning abilities of smaller language models by teaching them various solution strategies. | Z94: United States
A95: 130 | B95: 2025distilqwen2 | C95: Wang et al. | D95: DistilQwen2.5: Industrial Practices of Training Distilled Open Lightweight Language Models | E95: 2025 | F95: Proceedings of the 63rd Annual Meeting of the Association for Computational Linguistics (Volume 6: Industry Track) | G95: https://aclanthology.org/2025.acl-industry.4 | H95: Peer-reviewed | J95: Not applicable | O95: Qwen2.5 | P95: DistilQwen2.5-0.5B-Instruct, DistilQwen2.5-1.5B-Instruct, DistilQwen2.5-3B-Instruct, DistilQwen2.5-7B-Instruct | Q95: 0.5B, 1.5B, 3B, 7B | R95: Mixed | S95: Compact; Moderate; Higher | T95: Yes | U95: General (techniques / evaluation) | V95: DistilQwen 100k | W95: AlpacaEval 2.0, IFEval | X95: instruction-following | Y95: Introduction of DistilQwen2.5, a series of distilled lightweight LLMs with enhanced instruction-following capabilities. | Z95: China
A96: 131 | B96: wangresource | C96: Wang | D96: Resource-Efficient Knowledge Distillation for Qwen2. 5-0.5 B-Instruct: A Stable Pipeline Using a 4-bit Quantized 3B Teacher and QLoRA | E96: 2025 | F96: Preprint (author website) | G96: https://pics.iamzhaokun.com/doc/report/Resource-Efficient%20Knowledge%20Distillation%20for%20Qwen2.5-0.5B-Instruct.pdf | H96: Preprint | I96: personal website | J96: a (GitHub code) | K96: Yes | O96: Qwen2.5-3B-Instruct (teacher, 4-bit), Qwen2.5-0.5B-Instruct (student) | P96: Distilled Qwen2.5-0.5B-Instruct | Q96: 0.5B (student), 3B (teacher) | R96: Compact | S96: Compact | T96: No | U96: General (techniques / evaluation) | V96: Not stated in abstract | W96: Held-out validation set (perplexity) | X96: Knowledge distillation on consumer hardware | Y96: Token-averaged KL with QLoRA: student perplexity 5.504 → 4.085, slightly better than the 3B teacher (4.225) | Z96: Germany
A97: 132 | B97: li2025small | C97: Li et al. | D97: Small Models Struggle to Learn from Strong Reasoners | E97: 2025 | F97: Findings of the Association for Computational Linguistics: ACL 2025 | G97: https://aclanthology.org/2025.findings-acl.1301 | H97: Peer-reviewed | J97: Not applicable | O97: N/A | P97: Mix Distillation | Q97: 0.5B–72B (Qwen2.5; small students ≤3B) | R97: Mixed | S97: Compact; Moderate | T97: No | U97: General (techniques / evaluation) | V97: N/A | W97: MATH | X97: reasoning | Y97: Yes | Z97: United States
A98: 133 | B98: 2025memory | C98: Song et al. | D98: Memory-Efficient Backpropagation for Fine-Tuning LLMs on Resource-Constrained Mobile Devices | E98: 2025 | F98: Proceedings of the 2025 Conference on Empirical Methods in Natural Language Processing: Industry Track | G98: https://aclanthology.org/2025.emnlp-industry.52 | H98: Peer-reviewed | J98: Not applicable | O98: LoRA, MeZO, Gemma3, Qwen2.5 | P98: MeBP | Q98: 0.5B to 4B | R98: Mixed | S98: Compact; Moderate | T98: No | U98: General (techniques / evaluation) | V98: N/A | W98: N/A | X98: fine-tuning, language modeling | Y98: We propose a memory-efficient implementation of backpropagation (MeBP) for fine-tuning LLMs on mobile devices that outperforms existing methods in terms of memory usage and convergence speed. | Z98: United States
A99: 134 | B99: allal2025smollm2 | C99: Allal et al. | D99: SmolLM2: When Smol Goes Big–Data-Centric Training of a Small Language Model | E99: 2025 | F99: arXiv preprint arXiv:2502.02737 | G99: https://arxiv.org/abs/2502.02737 | H99: Preprint | J99: b (400); c | L99: Yes | M99: Yes | O99: Qwen2.5-1.5B, Llama3.2-1B | P99: SmolLM2 | Q99: 1.7B | R99: Moderate | S99: Moderate | T99: No | U99: General (techniques / evaluation) | V99: web text, Fine-Math, Stack-Edu, SmolTalk | W99: N/A | X99: N/A | Y99: Development of SmolLM2, a state-of-the-art small language model trained on a diverse dataset to enhance performance. | Z99: United States
A100: 135 | B100: mitchell2024emulator | C100: Mitchell et al. | D100: An Emulator for Fine-Tuning Large Language Models using Small Language Models | E100: 2023 | F100: arXiv preprint arXiv:2310.12962 | G100: https://openreview.net/forum?id=Eo7kv0sllr | H100: Peer-reviewed | I100: Published version: ICLR 2024 | J100: Not applicable | O100: Llama, Llama-2, Falcon | P100: Emulated Fine-Tuning (EFT) | Q100: 7B small model with 70B large model (Llama-2) | R100: Higher | S100: Higher | T100: Yes | U100: General (techniques / evaluation) | V100: N/A | W100: N/A | X100: instruction following | Y100: Introduction of emulated fine-tuning (EFT) to combine knowledge from pre-training and fine-tuning at different scales. | Z100: United States
...

Sheet Excluded_18
A1: Ref. no. | B1: Citation key | C1: First author | D1: Title | E1: Year | F1: Venue | G1: Link | H1: Reason (PRISMA category) | I1: Detail
A2: 31 | B2: hong2025nano | C2: Hong et al. | D2: Nano Bio-Agents (NBA): Small Language Model Agents for Genomics | E2: 2025 | F2: arXiv preprint arXiv:2509.19566 | G2: https://arxiv.org/abs/2509.19566 | H2: Preprint meeting none of the three criteria | I2: Preprint meeting none of the three criteria
A3: 35 | B3: nemo4paypal | C3: Garg et al. | D3: NEMO-4-PAYPAL: Leveraging NVIDIA's Nemo Framework for empowering PayPal's Commerce Agent | E3: 2026 | F3: arXiv preprint arXiv:2512.21578 | G3: https://arxiv.org/abs/2512.21578 | H3: Preprint meeting none of the three criteria | I3: Preprint meeting none of the three criteria
A4: 49 | B4: tinymlarduino | C4: V. et al. | D4: Implementation Of Tiny Machine Learning Models On Arduino 33 BLE For Gesture And Speech Recognition | E4: 2022 | F4: arXiv preprint arXiv:2207.12866 | G4: https://arxiv.org/abs/2207.12866 | H4: Not an SLM study | I4: Not a language model (CNN on a microcontroller)
A5: 85 | B5: pandey2026 | C5: Pandey et al. | D5: Can Small Language Models Use What They Retrieve? An Empirical Study of Retrieval Utilization Across Model Scale | E5: 2026 | F5: arXiv preprint arXiv:2603.11513 | G5: https://arxiv.org/abs/2603.11513 | H5: Preprint meeting none of the three criteria | I5: Preprint meeting none of the three criteria
A6: 94 | B6: neuberger | C6: Neuberger et al. | D6: Enabling Small Language Models for Text-to-Process Extraction: Balancing Accuracy and Efficiency through Distant Supervision | E6: 2026 | F6: arXiv preprint | G6: https://doi.org/10.1007/978-3-032-28117-3_9 | H6: Outside publication window | I6: Published after 30 April 2026 (CAiSE 2026, June 2026
A7: 95 | B7: yasuno | C7: Yasuno et al. | D7: Adapting Methods for Domain-Specific Japanese Small LMs: Scale, Architecture, and Quantization | E7: 2026 | F7: arXiv preprint arXiv:2603.18037 | G7: https://arxiv.org/abs/2603.18037 | H7: Preprint meeting none of the three criteria | I7: Preprint meeting none of the three criteria
A8: 96 | B8: plottwist | C8: Thorat et al. | D8: PlotTwist: A Creative Plot Generation Framework with Small Language Models | E8: 2026 | F8: arXiv preprint arXiv:2603.16410 | G8: https://arxiv.org/abs/2603.16410 | H8: Preprint meeting none of the three criteria | I8: Preprint meeting none of the three criteria
A9: 141 | B9: dogra2021analyzing | C9: Dogra et al. | D9: Analyzing DistilBERT for Sentiment Classification of Banking Financial News | E9: 2021 | F9: Intelligent Computing and Innovation on Data Science: Proceedings of ICTIDS 2021 | G9: https://doi.org/10.1007/978-981-16-3153-5_53 | H9: Outside publication window | I9: Published before 1 January 2022 (outside publication window)
A10: 146 | B10: wu2026tool | C10: Wu et al. | D10: Tool Calling is Linearly Readable and Steerable in Language Models | E10: 2026 | F10: arXiv preprint arXiv:2605.07990 | G10: https://arxiv.org/abs/2605.07990 | H10: Outside publication window | I10: Posted after the 30 Apr 2026 cutoff
A11: 150 | B11: banar2021generating | C11: Banar et al. | D11: Generating Music with Extreme Passages using GPT-2 | E11: 2021 | F11: Evo* 2021 | G11: https://arxiv.org/abs/2106.11804 | H11: Outside publication window | I11: Published before 1 January 2022 (outside publication window)
A12: 154 | B12: manik2025chatgpt | C12: Manik | D12: ChatGPT vs. DeepSeek: A Comparative Study on AI-Based Code Generation | E12: 2025 | F12: arXiv preprint arXiv:2502.18467 | G12: https://arxiv.org/abs/2502.18467 | H12: Not an SLM study | I12: No SLM studied (compares large LLMs)
A13: 155 | B13: abdalla2026deepseek | C13: Abdalla | D13: DeepSeek vs. ChatGPT: Which Performs Better in Python Coding? | E13: 2026 | F13: Journal of Information Technology Management | G13: https://jitm.ut.ac.ir/article_107165.html | H13: Not an SLM study | I13: No SLM studied (compares large LLMs)
... A19: 175 | B19: liang2024stacking | C19: Liang | D19: Stacking Small Language Models for Generalizability | E19: 2024 | F19: arXiv preprint arXiv:2410.15570 | G19: https://arxiv.org/abs/2410.15570 | H19: Preprint meeting none of the three criteria | I19: Preprint meeting none of the three criteria

Sheet PRISMA_Flow
A1: PRISMA 2020 flow diagram counts
A2: Blue cells are computed from the study sheets; others are records from the search and screening log.
A4: Stage | B4: Box | C4: n
A5: Identification | B5: Records identified: Google Scholar | C5: 481
A6: Identification | B6: Records identified: Semantic Scholar | C6: 465
A7: Identification | B7: Records identified: arXiv | C7: 210
A8: Identification | B8: Records identified: ACL Anthology | C8: 80
A9: Identification | B9: Records identified: ACM Digital Library | C9: 17
A10: Identification | B10: Records identified: IEEE Xplore | C10: 14
A11: Identification | B11: Records identified (total) | C11: =SUM(C5:C10)
A12: Identification | B12: Duplicates removed | C12: 172
A13: Identification | B13: Records removed for other reasons | C13: 40
A14: Screening | B14: Records screened | C14: =C11-C12-C13
A15: Screening | B15: Records excluded | C15: 920
A16: Screening | B16: Reports sought for retrieval | C16: =C14-C15
A17: Screening | B17: Reports not retrieved | C17: 15
A18: Eligibility | B18: Reports assessed for eligibility | C18: =C16-C17
A19: Eligibility | B19: Excluded: Not an SLM study | C19: =COUNTIF(Excluded_18!H2:H19,"Not an SLM study")
A20: Eligibility | B20: Excluded: Preprint meeting none of the three criteria | C20: =COUNTIF(Excluded_18!H2:H19,"Preprint*")
A21: Eligibility | B21: Excluded: Outside publication window | C21: =COUNTIF(Excluded_18!H2:H19,"Outside*")
A22: Eligibility | B22: Excluded: Venue not indexed | C22: =COUNTIF(Excluded_18!H2:H19,"Venue*")
A23: Eligibility | B23: Reports excluded (total) | C23: =SUM(C19:C22)
A24: Included | B24: Studies included in review | C24: =COUNTA(Included_102!A2:A103)
A25: Check | B25: Assessed − excluded = included | C25: =IF(C18-C23=C24,"✓ consistent","✗ mismatch")

Sheet Summary
A1: Summary of the 102 included studies
A2: Every count below is a live formula over Included_102; filter Included_102 to see the studies behind any number.
A4: Publication year (Figure 1)
A5: Category | B5: n | C5: %
A6: 2022 | B6: =COUNTIF(Included_102!$E$2:$E$103,2022) | C6: =B6/B$11
A7: 2023 | B7: =COUNTIF(Included_102!$E$2:$E$103,2023) | C7: =B7/B$11
A8: 2024 | B8: =COUNTIF(Included_102!$E$2:$E$103,2024) | C8: =B8/B$11
A9: 2025 | B9: =COUNTIF(Included_102!$E$2:$E$103,2025) | C9: =B9/B$11
A10: 2026 | B10: =COUNTIF(Included_102!$E$2:$E$103,2026) | C10: =B10/B$11
A11: Total | B11: =SUM(B6:B10) | C11: =B11/B11
A14: Main scale tier
A15: Category | B15: n | C15: %
A16: Lightweight | B16: =COUNTIF(Included_102!$R$2:$R$103,"Lightweight") | C16: =B16/B$22
A17: Compact | B17: =COUNTIF(Included_102!$R$2:$R$103,"Compact") | C17: =B17/B$22
A18: Moderate | B18: =COUNTIF(Included_102!$R$2:$R$103,"Moderate") | C18: =B18/B$22
A19: Higher | B19: =COUNTIF(Included_102!$R$2:$R$103,"Higher") | C19: =B19/B$22
A20: Mixed | B20: =COUNTIF(Included_102!$R$2:$R$103,"Mixed") | C20: =B20/B$22
A21: Not stated | B21: =COUNTIF(Included_102!$R$2:$R$103,"Not stated") | C21: =B21/B$22
A22: Total | B22: =SUM(B16:B21) | C22: =B22/B22
A25: Application domain (Figure 4, Tables 4–5)
A26: Category | B26: n | C26: %
A27: Natural Language Processing | B27: =COUNTIF(Included_102!$U$2:$U$103,"Natural Language Processing") | C27: =B27/B$37
A28: Agentic AI Applications | B28: =COUNTIF(Included_102!$U$2:$U$103,"Agentic AI Applications") | C28: =B28/B$37
A29: Coding & Software Eng. | B29: =COUNTIF(Included_102!$U$2:$U$103,"Coding & Software Eng.") | C29: =B29/B$37
A30: Healthcare & Biomedical | B30: =COUNTIF(Included_102!$U$2:$U$103,"Healthcare & Biomedical") | C30: =B30/B$37
A31: Robotics & Real-Time | B31: =COUNTIF(Included_102!$U$2:$U$103,"Robotics & Real-Time") | C31: =B31/B$37
A32: Audio & Speech | B32: =COUNTIF(Included_102!$U$2:$U$103,"Audio & Speech") | C32: =B32/B$37
A33: Emerging & Cross-Cutting | B33: =COUNTIF(Included_102!$U$2:$U$103,"Emerging & Cross-Cutting") | C33: =B33/B$37
A34: Sustainability, Materials & Life Sci. | B34: =COUNTIF(Included_102!$U$2:$U$103,"Sustainability, Materials & Life Sci.") | C34: =B34/B$37
A35: Law & Finance | B35: =COUNTIF(Included_102!$U$2:$U$103,"Law & Finance") | C35: =B35/B$37
A36: General (techniques / evaluation) | B36: =COUNTIF(Included_102!$U$2:$U$103,"General (techniques / evaluation)") | C36: =B36/B$37
A37: Total | B37: =SUM(B27:B36) | C37: =B37/B37
A38: Domain-specific (Figure 4) | B38: =COUNTIF(Included_102!$U$2:$U$103,"<>General (techniques / evaluation)")
A42: Publication status
A43: Category | B43: n | C43: %
A44: Peer-reviewed | B44: =COUNTIF(Included_102!$H$2:$H$103,"Peer-reviewed") | C44: =B44/B$46
A45: Preprint | B45: =COUNTIF(Included_102!$H$2:$H$103,"Preprint") | C45: =B45/B$46
A46: Total | B46: =SUM(B44:B45) | C46: =B46/B46
A49: Preprint inclusion criteria (a study may meet more than one)
A50: Criterion | B50: n
A51: (a) Code or weights released | B51: =COUNTIF(Included_102!$K$2:$K$103,"Yes")
A52: (b) ≥ 5 citations | B52: =COUNTIF(Included_102!$L$2:$L$103,"Yes")
A53: (c) Technical report of a released model | B53: =COUNTIF(Included_102!$M$2:$M$103,"Yes")
A56: Sensitivity: studies using 7–10B models
A57: Measure | B57: n
A58: Studies that use at least one 7–10B model | B58: =COUNTIF(Included_102!$T$2:$T$103,"Yes")
A59: Studies that use only 7–10B models | B59: =COUNTIF(Included_102!$S$2:$S$103,"Higher")
A62: Main tier × domain (Table 5)
A63: Domain | B63: Lightweight | C63: Compact | D63: Moderate | E63: Higher | F63: Mixed | G63: Not stated | H63: Total
A64: Natural Language Processing | B64: =COUNTIFS(Included_102!$U$2:$U$103,"Natural Language Processing",Included_102!$R$2:$R$103,"Lightweight") | C64: =COUNTIFS(Included_102!$U$2:$U$103,"Natural Language Processing",Included_102!$R$2:$R$103,"Compact") | D64: =COUNTIFS(Included_102!$U$2:$U$103,"Natural Language Processing",Included_102!$R$2:$R$103,"Moderate") | E64: =COUNTIFS(Included_102!$U$2:$U$103,"Natural Language Processing",Included_102!$R$2:$R$103,"Higher") | F64: =COUNTIFS(Included_102!$U$2:$U$103,"Natural Language Processing",Included_102!$R$2:$R$103,"Mixed") | G64: =COUNTIFS(Included_102!$U$2:$U$103,"Natural Language Processing",Included_102!$R$2:$R$103,"Not stated") | H64: =SUM(B64:G64)
A65: Agentic AI Applications | B65: =COUNTIFS(Included_102!$U$2:$U$103,"Agentic AI Applications",Included_102!$R$2:$R$103,"Lightweight") | C65: =COUNTIFS(Included_102!$U$2:$U$103,"Agentic AI Applications",Included_102!$R$2:$R$103,"Compact") | D65: =COUNTIFS(Included_102!$U$2:$U$103,"Agentic AI Applications",Included_102!$R$2:$R$103,"Moderate") | E65: =COUNTIFS(Included_102!$U$2:$U$103,"Agentic AI Applications",Included_102!$R$2:$R$103,"Higher") | F65: =COUNTIFS(Included_102!$U$2:$U$103,"Agentic AI Applications",Included_102!$R$2:$R$103,"Mixed") | G65: =COUNTIFS(Included_102!$U$2:$U$103,"Agentic AI Applications",Included_102!$R$2:$R$103,"Not stated") | H65: =SUM(B65:G65)
A66: Coding & Software Eng. | B66: =COUNTIFS(Included_102!$U$2:$U$103,"Coding & Software Eng.",Included_102!$R$2:$R$103,"Lightweight") | C66: =COUNTIFS(Included_102!$U$2:$U$103,"Coding & Software Eng.",Included_102!$R$2:$R$103,"Compact") | D66: =COUNTIFS(Included_102!$U$2:$U$103,"Coding & Software Eng.",Included_102!$R$2:$R$103,"Moderate") | E66: =COUNTIFS(Included_102!$U$2:$U$103,"Coding & Software Eng.",Included_102!$R$2:$R$103,"Higher") | F66: =COUNTIFS(Included_102!$U$2:$U$103,"Coding & Software Eng.",Included_102!$R$2:$R$103,"Mixed") | G66: =COUNTIFS(Included_102!$U$2:$U$103,"Coding & Software Eng.",Included_102!$R$2:$R$103,"Not stated") | H66: =SUM(B66:G66)
A67: Healthcare & Biomedical | B67: =COUNTIFS(Included_102!$U$2:$U$103,"Healthcare & Biomedical",Included_102!$R$2:$R$103,"Lightweight") | C67: =COUNTIFS(Included_102!$U$2:$U$103,"Healthcare & Biomedical",Included_102!$R$2:$R$103,"Compact") | D67: =COUNTIFS(Included_102!$U$2:$U$103,"Healthcare & Biomedical",Included_102!$R$2:$R$103,"Moderate") | E67: =COUNTIFS(Included_102!$U$2:$U$103,"Healthcare & Biomedical",Included_102!$R$2:$R$103,"Higher") | F67: =COUNTIFS(Included_102!$U$2:$U$103,"Healthcare & Biomedical",Included_102!$R$2:$R$103,"Mixed") | G67: =COUNTIFS(Included_102!$U$2:$U$103,"Healthcare & Biomedical",Included_102!$R$2:$R$103,"Not stated") | H67: =SUM(B67:G67)
A68: Robotics & Real-Time | B68: =COUNTIFS(Included_102!$U$2:$U$103,"Robotics & Real-Time",Included_102!$R$2:$R$103,"Lightweight") | C68: =COUNTIFS(Included_102!$U$2:$U$103,"Robotics & Real-Time",Included_102!$R$2:$R$103,"Compact") | D68: =COUNTIFS(Included_102!$U$2:$U$103,"Robotics & Real-Time",Included_102!$R$2:$R$103,"Moderate") | E68: =COUNTIFS(Included_102!$U$2:$U$103,"Robotics & Real-Time",Included_102!$R$2:$R$103,"Higher") | F68: =COUNTIFS(Included_102!$U$2:$U$103,"Robotics & Real-Time",Included_102!$R$2:$R$103,"Mixed") | G68: =COUNTIFS(Included_102!$U$2:$U$103,"Robotics & Real-Time",Included_102!$R$2:$R$103,"Not stated") | H68: =SUM(B68:G68)
A69: Audio & Speech | B69: =COUNTIFS(Included_102!$U$2:$U$103,"Audio & Speech",Included_102!$R$2:$R$103,"Lightweight") | C69: =COUNTIFS(Included_102!$U$2:$U$103,"Audio & Speech",Included_102!$R$2:$R$103,"Compact") | D69: =COUNTIFS(Included_102!$U$2:$U$103,"Audio & Speech",Included_102!$R$2:$R$103,"Moderate") | E69: =COUNTIFS(Included_102!$U$2:$U$103,"Audio & Speech",Included_102!$R$2:$R$103,"Higher") | F69: =COUNTIFS(Included_102!$U$2:$U$103,"Audio & Speech",Included_102!$R$2:$R$103,"Mixed") | G69: =COUNTIFS(Included_102!$U$2:$U$103,"Audio & Speech",Included_102!$R$2:$R$103,"Not stated") | H69: =SUM(B69:G69)
A70: Emerging & Cross-Cutting | B70: =COUNTIFS(Included_102!$U$2:$U$103,"Emerging & Cross-Cutting",Included_102!$R$2:$R$103,"Lightweight") | C70: =COUNTIFS(Included_102!$U$2:$U$103,"Emerging & Cross-Cutting",Included_102!$R$2:$R$103,"Compact") | D70: =COUNTIFS(Included_102!$U$2:$U$103,"Emerging & Cross-Cutting",Included_102!$R$2:$R$103,"Moderate") | E70: =COUNTIFS(Included_102!$U$2:$U$103,"Emerging & Cross-Cutting",Included_102!$R$2:$R$103,"Higher") | F70: =COUNTIFS(Included_102!$U$2:$U$103,"Emerging & Cross-Cutting",Included_102!$R$2:$R$103,"Mixed") | G70: =COUNTIFS(Included_102!$U$2:$U$103,"Emerging & Cross-Cutting",Included_102!$R$2:$R$103,"Not stated") | H70: =SUM(B70:G70)
A71: Sustainability, Materials & Life Sci. | B71: =COUNTIFS(Included_102!$U$2:$U$103,"Sustainability, Materials & Life Sci.",Included_102!$R$2:$R$103,"Lightweight") | C71: =COUNTIFS(Included_102!$U$2:$U$103,"Sustainability, Materials & Life Sci.",Included_102!$R$2:$R$103,"Compact") | D71: =COUNTIFS(Included_102!$U$2:$U$103,"Sustainability, Materials & Life Sci.",Included_102!$R$2:$R$103,"Moderate") | E71: =COUNTIFS(Included_102!$U$2:$U$103,"Sustainability, Materials & Life Sci.",Included_102!$R$2:$R$103,"Higher") | F71: =COUNTIFS(Included_102!$U$2:$U$103,"Sustainability, Materials & Life Sci.",Included_102!$R$2:$R$103,"Mixed") | G71: =COUNTIFS(Included_102!$U$2:$U$103,"Sustainability, Materials & Life Sci.",Included_102!$R$2:$R$103,"Not stated") | H71: =SUM(B71:G71)
A72: Law & Finance | B72: =COUNTIFS(Included_102!$U$2:$U$103,"Law & Finance",Included_102!$R$2:$R$103,"Lightweight") | C72: =COUNTIFS(Included_102!$U$2:$U$103,"Law & Finance",Included_102!$R$2:$R$103,"Compact") | D72: =COUNTIFS(Included_102!$U$2:$U$103,"Law & Finance",Included_102!$R$2:$R$103,"Moderate") | E72: =COUNTIFS(Included_102!$U$2:$U$103,"Law & Finance",Included_102!$R$2:$R$103,"Higher") | F72: =COUNTIFS(Included_102!$U$2:$U$103,"Law & Finance",Included_102!$R$2:$R$103,"Mixed") | G72: =COUNTIFS(Included_102!$U$2:$U$103,"Law & Finance",Included_102!$R$2:$R$103,"Not stated") | H72: =SUM(B72:G72)
A73: General (techniques / evaluation) | B73: =COUNTIFS(Included_102!$U$2:$U$103,"General (techniques / evaluation)",Included_102!$R$2:$R$103,"Lightweight") | C73: =COUNTIFS(Included_102!$U$2:$U$103,"General (techniques / evaluation)",Included_102!$R$2:$R$103,"Compact") | D73: =COUNTIFS(Included_102!$U$2:$U$103,"General (techniques / evaluation)",Included_102!$R$2:$R$103,"Moderate") | E73: =COUNTIFS(Included_102!$U$2:$U$103,"General (techniques / evaluation)",Included_102!$R$2:$R$103,"Higher") | F73: =COUNTIFS(Included_102!$U$2:$U$103,"General (techniques / evaluation)",Included_102!$R$2:$R$103,"Mixed") | G73: =COUNTIFS(Included_102!$U$2:$U$103,"General (techniques / evaluation)",Included_102!$R$2:$R$103,"Not stated") | H73: =SUM(B73:G73)
A74: Total | B74: =SUM(B64:B73) | C74: =SUM(C64:C73) | D74: =SUM(D64:D73) | E74: =SUM(E64:E73) | F74: =SUM(F64:F73) | G74: =SUM(G64:G73) | H74: =SUM(H64:H73)
A78: First-author country (Figure 2)
A79: Category | B79: n | C79: %
A80: United States | B80: =COUNTIF(Included_102!$Z$2:$Z$103,"United States") | C80: =B80/B$107
A81: China | B81: =COUNTIF(Included_102!$Z$2:$Z$103,"China") | C81: =B81/B$107
A82: India | B82: =COUNTIF(Included_102!$Z$2:$Z$103,"India") | C82: =B82/B$107
A83: Germany | B83: =COUNTIF(Included_102!$Z$2:$Z$103,"Germany") | C83: =B83/B$107
A84: South Korea | B84: =COUNTIF(Included_102!$Z$2:$Z$103,"South Korea") | C84: =B84/B$107
A85: Saudi Arabia | B85: =COUNTIF(Included_102!$Z$2:$Z$103,"Saudi Arabia") | C85: =B85/B$107
A86: Taiwan | B86: =COUNTIF(Included_102!$Z$2:$Z$103,"Taiwan") | C86: =B86/B$107
A87: Finland | B87: =COUNTIF(Included_102!$Z$2:$Z$103,"Finland") | C87: =B87/B$107
A88: France | B88: =COUNTIF(Included_102!$Z$2:$Z$103,"France") | C88: =B88/B$107
A89: Singapore | B89: =COUNTIF(Included_102!$Z$2:$Z$103,"Singapore") | C89: =B89/B$107
A90: Australia | B90: =COUNTIF(Included_102!$Z$2:$Z$103,"Australia") | C90: =B90/B$107
A91: Brazil | B91: =COUNTIF(Included_102!$Z$2:$Z$103,"Brazil") | C91: =B91/B$107
A92: Bulgaria | B92: =COUNTIF(Included_102!$Z$2:$Z$103,"Bulgaria") | C92: =B92/B$107
A93: Chile | B93: =COUNTIF(Included_102!$Z$2:$Z$103,"Chile") | C93: =B93/B$107
A94: Hungary | B94: =COUNTIF(Included_102!$Z$2:$Z$103,"Hungary") | C94: =B94/B$107
A95: Israel | B95: =COUNTIF(Included_102!$Z$2:$Z$103,"Israel") | C95: =B95/B$107
A96: Italy | B96: =COUNTIF(Included_102!$Z$2:$Z$103,"Italy") | C96: =B96/B$107
A97: Netherlands | B97: =COUNTIF(Included_102!$Z$2:$Z$103,"Netherlands") | C97: =B97/B$107
A98: Nigeria | B98: =COUNTIF(Included_102!$Z$2:$Z$103,"Nigeria") | C98: =B98/B$107
A99: Norway | B99: =COUNTIF(Included_102!$Z$2:$Z$103,"Norway") | C99: =B99/B$107
A100: Pakistan | B100: =COUNTIF(Included_102!$Z$2:$Z$103,"Pakistan") | C100: =B100/B$107
A101: Qatar | B101: =COUNTIF(Included_102!$Z$2:$Z$103,"Qatar") | C101: =B101/B$107
A102: South Africa | B102: =COUNTIF(Included_102!$Z$2:$Z$103,"South Africa") | C102: =B102/B$107
A103: Spain | B103: =COUNTIF(Included_102!$Z$2:$Z$103,"Spain") | C103: =B103/B$107
A104: Turkey | B104: =COUNTIF(Included_102!$Z$2:$Z$103,"Turkey") | C104: =B104/B$107
A105: United Kingdom | B105: =COUNTIF(Included_102!$Z$2:$Z$103,"United Kingdom") | C105: =B105/B$107
A106: Vietnam | B106: =COUNTIF(Included_102!$Z$2:$Z$103,"Vietnam") | C106: =B106/B$107
A107: Total | B107: =SUM(B80:B106) | C107: =B107/B107
A108: Countries represented | B108: =SUMPRODUCT(1/COUNTIF(Included_102!$Z$2:$Z$103,Included_102!$Z$2:$Z$103))
